time,data,ambient,sensor
4276989.0,27.5,22.8125,tc1
4277039.0,26.0,22.8125,tc1
4277089.0,23.625,22.8125,tc1
4277139.0,22.0625,22.8125,tc1
4277189.0,25.9375,22.8125,tc1
4277239.0,27.4375,22.8125,tc1
4277289.0,26.0,22.8125,tc1
4277339.0,24.4375,22.8125,tc1
4277389.0,22.125,22.8125,tc1
4277439.0,28.3125,22.8125,tc1
4277489.0,26.75,22.8125,tc1
4277539.0,25.1875,22.8125,tc1
4277589.0,23.6875,22.8125,tc1
4277639.0,22.125,22.8125,tc1
4277689.0,28.3125,22.8125,tc1
4277739.0,26.75,22.8125,tc1
4277789.0,25.1875,22.8125,tc1
4277839.0,22.875,22.8125,tc1
4277889.0,26.75,22.8125,tc1
4277940.0,27.5,22.8125,tc1
4277990.0,26.0,22.75,tc1
4278040.0,24.4375,22.75,tc1
4278090.0,22.875,22.75,tc1
4278140.0,23.6875,22.75,tc1
4278190.0,26.6875,22.75,tc1
4278240.0,25.9375,22.75,tc1
4278290.0,23.625,22.75,tc1
4278340.0,22.8125,22.75,tc1
4278390.0,26.6875,22.75,tc1
4278440.0,25.9375,22.75,tc1
4278490.0,25.125,22.8125,tc1
4278540.0,23.625,22.8125,tc1
4278590.0,26.0,22.8125,tc1
4278640.0,26.75,22.8125,tc1
4278690.0,26.0,22.8125,tc1
4278740.0,23.6875,22.8125,tc1
4278791.0,22.875,22.8125,tc1
4278840.0,22.125,22.8125,tc1
4278890.0,26.75,22.8125,tc1
4278940.0,26.0,22.8125,tc1
4278990.0,24.4375,22.75,tc1
4279040.0,22.125,22.75,tc1
4279090.0,26.0,22.75,tc1
4279140.0,26.75,22.75,tc1
4279190.0,25.1875,22.75,tc1
4279240.0,23.625,22.75,tc1
4279290.0,22.8125,22.75,tc1
4279340.0,26.6875,22.75,tc1
4279390.0,25.9375,22.75,tc1
4279440.0,25.125,22.75,tc1
4279490.0,23.625,22.75,tc1
4279540.0,22.0625,22.75,tc1
4279590.0,25.9375,22.75,tc1
4279640.0,25.9375,22.75,tc1
4279690.0,25.125,22.75,tc1
4279740.0,22.8125,22.75,tc1
4279790.0,23.625,22.75,tc1
4279840.0,25.9375,22.75,tc1
4279890.0,25.125,22.75,tc1
4279941.0,23.625,22.75,tc1
4279991.0,22.8125,22.75,tc1
4280041.0,25.9375,22.75,tc1
4280091.0,25.9375,22.75,tc1
4280141.0,25.125,22.75,tc1
4280191.0,23.625,22.75,tc1
4280241.0,22.8125,22.75,tc1
4280291.0,24.375,22.75,tc1
4280341.0,25.125,22.75,tc1
4280391.0,24.375,22.75,tc1
4280441.0,23.625,22.75,tc1
4280491.0,22.8125,22.75,tc1
4280541.0,25.125,22.75,tc1
4280591.0,25.125,22.75,tc1
4280641.0,24.375,22.75,tc1
4280691.0,23.625,22.75,tc1
4280741.0,23.625,22.75,tc1
4280791.0,24.375,22.75,tc1
4280841.0,25.9375,22.75,tc1
4280891.0,25.125,22.75,tc1
4280942.0,25.125,22.75,tc1
4280992.0,24.375,22.75,tc1
4281042.0,27.4375,22.75,tc1
4281092.0,27.4375,22.75,tc1
4281142.0,26.6875,22.75,tc1
4281192.0,25.1875,22.75,tc1
4281242.0,24.4375,22.75,tc1
4281292.0,26.75,22.75,tc1
4281342.0,25.9375,22.75,tc1
4281392.0,24.375,22.75,tc1
4281442.0,24.375,22.75,tc1
4281492.0,25.125,22.75,tc1
4281542.0,25.9375,22.75,tc1
4281592.0,25.125,22.75,tc1
4281642.0,24.375,22.75,tc1
4281692.0,23.625,22.75,tc1
4281742.0,25.9375,22.75,tc1
4281792.0,25.9375,22.75,tc1
4281842.0,24.375,22.75,tc1
4281892.0,23.625,22.75,tc1
4281942.0,23.625,22.75,tc1
4281992.0,25.9375,22.75,tc1
4282042.0,25.125,22.75,tc1
4282092.0,24.375,22.75,tc1
4282142.0,23.625,22.75,tc1
4282192.0,23.625,22.75,tc1
4282242.0,26.0,22.75,tc1
4282292.0,25.1875,22.75,tc1
4282342.0,24.4375,22.75,tc1
4282392.0,25.1875,22.75,tc1
4282442.0,24.375,22.75,tc1
4282492.0,26.6875,22.8125,tc1
4282542.0,25.9375,22.8125,tc1
4282592.0,25.125,22.8125,tc1
4282642.0,25.125,22.8125,tc1
4282692.0,26.0,22.8125,tc1
4282742.0,26.0,22.8125,tc1
4282792.0,25.1875,22.8125,tc1
4282842.0,24.4375,22.8125,tc1
4282892.0,23.6875,22.8125,tc1
4282942.0,26.0,22.8125,tc1
4282992.0,26.0,22.75,tc1
4283042.0,25.1875,22.75,tc1
4283092.0,24.375,22.75,tc1
4283142.0,23.625,22.75,tc1
4283192.0,25.9375,22.75,tc1
4283242.0,25.9375,22.75,tc1
4283292.0,24.375,22.75,tc1
4283342.0,23.625,22.75,tc1
4283392.0,22.8125,22.75,tc1
4283442.0,25.9375,22.75,tc1
4283492.0,25.125,22.8125,tc1
4283542.0,24.375,22.8125,tc1
4283592.0,22.8125,22.8125,tc1
4283642.0,24.375,22.8125,tc1
4283692.0,25.9375,22.8125,tc1
4283742.0,25.125,22.8125,tc1
4283792.0,24.375,22.8125,tc1
4283842.0,22.8125,22.8125,tc1
4283892.0,25.9375,22.8125,tc1
4283943.0,26.0,22.8125,tc1
4283993.0,25.1875,22.8125,tc1
4284043.0,23.6875,22.8125,tc1
4284093.0,22.875,22.8125,tc1
4284143.0,24.4375,22.8125,tc1
4284193.0,25.9375,22.8125,tc1
4284243.0,25.125,22.8125,tc1
4284293.0,22.8125,22.8125,tc1
4284343.0,22.0625,22.8125,tc1
4284393.0,26.0,22.8125,tc1
4284443.0,26.0,22.8125,tc1
4284493.0,24.4375,22.75,tc1
4284543.0,23.6875,22.75,tc1
4284593.0,22.125,22.75,tc1
4284643.0,25.9375,22.75,tc1
4284693.0,25.9375,22.75,tc1
4284743.0,23.625,22.75,tc1
4284793.0,22.8125,22.75,tc1
4284843.0,22.0625,22.75,tc1
4284893.0,25.9375,22.75,tc1
4284943.0,25.9375,22.75,tc1
4284993.0,24.375,22.75,tc1
4285043.0,23.6875,22.75,tc1
4285093.0,26.75,22.75,tc1
4285143.0,26.75,22.75,tc1
4285193.0,25.1875,22.75,tc1
4285243.0,23.625,22.75,tc1
4285293.0,22.8125,22.75,tc1
4285344.0,23.625,22.75,tc1
4285393.0,26.6875,22.75,tc1
4285443.0,25.9375,22.75,tc1
4285493.0,22.8125,22.75,tc1
4285543.0,22.0625,22.75,tc1
4285593.0,26.6875,22.75,tc1
4285643.0,26.6875,22.75,tc1
4285693.0,25.125,22.75,tc1
4285743.0,23.625,22.75,tc1
4285794.0,22.0625,22.75,tc1
4285843.0,26.6875,22.75,tc1
4285893.0,26.6875,22.75,tc1
4285944.0,23.625,22.75,tc1
4285994.0,22.8125,22.8125,tc1
4286044.0,22.8125,22.8125,tc1
4286094.0,26.6875,22.8125,tc1
4286144.0,26.0,22.8125,tc1
4286194.0,24.4375,22.8125,tc1
4286244.0,22.875,22.8125,tc1
4286294.0,26.0,22.8125,tc1
4286344.0,26.0,22.8125,tc1
4286394.0,25.1875,22.8125,tc1
4286444.0,23.6875,22.8125,tc1
4286494.0,22.875,22.8125,tc1
4286544.0,26.6875,22.8125,tc1
4286594.0,26.6875,22.8125,tc1
4286644.0,25.125,22.8125,tc1
4286694.0,23.625,22.8125,tc1
4286744.0,22.875,22.8125,tc1
4286794.0,24.4375,22.8125,tc1
4286844.0,26.75,22.8125,tc1
4286894.0,26.0,22.8125,tc1
4286944.0,22.875,22.8125,tc1
4286995.0,22.125,22.8125,tc1
4287044.0,26.75,22.8125,tc1
4287094.0,26.0,22.8125,tc1
4287144.0,25.1875,22.8125,tc1
4287194.0,23.625,22.8125,tc1
4287244.0,22.0625,22.8125,tc1
4287294.0,26.6875,22.8125,tc1
4287344.0,26.6875,22.8125,tc1
4287394.0,23.6875,22.8125,tc1
4287444.0,22.875,22.8125,tc1
4287494.0,23.6875,22.75,tc1
4287544.0,27.5,22.75,tc1
4287594.0,26.75,22.75,tc1
4287644.0,24.375,22.75,tc1
4287694.0,22.8125,22.75,tc1
4287744.0,27.4375,22.75,tc1
4287794.0,27.4375,22.75,tc1
4287844.0,25.9375,22.75,tc1
4287894.0,24.375,22.75,tc1
4287945.0,22.8125,22.75,tc1
4287995.0,24.375,22.75,tc1
4288045.0,27.4375,22.75,tc1
4288095.0,26.75,22.75,tc1
4288145.0,23.6875,22.75,tc1
4288195.0,22.125,22.75,tc1
4288245.0,27.5,22.75,tc1
4288295.0,26.75,22.75,tc1
4288345.0,25.1875,22.75,tc1
4288395.0,23.6875,22.75,tc1
4288445.0,22.875,22.75,tc1
4288495.0,25.9375,22.8125,tc1
4288545.0,25.125,22.8125,tc1
4288595.0,23.625,22.8125,tc1
4288645.0,22.8125,22.8125,tc1
4288695.0,22.0625,22.8125,tc1
4288745.0,26.6875,22.8125,tc1
4288795.0,25.9375,22.8125,tc1
4288845.0,25.125,22.8125,tc1
4288895.0,23.625,22.8125,tc1
4288945.0,27.5,22.8125,tc1
4288995.0,27.5,22.75,tc1
4289045.0,26.0,22.75,tc1
4289095.0,24.4375,22.75,tc1
4289145.0,22.875,22.75,tc1
4289195.0,23.6875,22.75,tc1
4289245.0,28.3125,22.75,tc1
4289295.0,26.75,22.75,tc1
4289345.0,22.8125,22.75,tc1
4289395.0,22.0625,22.75,tc1
4289445.0,27.4375,22.75,tc1
4289495.0,27.4375,22.8125,tc1
4289545.0,26.0,22.8125,tc1
4289595.0,24.4375,22.8125,tc1
4289646.0,22.125,22.8125,tc1
4289695.0,27.5,22.8125,tc1
4289745.0,28.3125,22.8125,tc1
4289795.0,26.0,22.8125,tc1
4289845.0,22.875,22.8125,tc1
4289895.0,22.875,22.8125,tc1
4289946.0,29.0625,22.8125,tc1
4289996.0,27.5,22.75,tc1
4290046.0,25.1875,22.75,tc1
4290096.0,23.6875,22.75,tc1
4290146.0,22.125,22.75,tc1
4290196.0,28.25,22.75,tc1
4290246.0,26.6875,22.75,tc1
4290296.0,24.375,22.75,tc1
4290346.0,22.8125,22.75,tc1
4290396.0,23.625,22.75,tc1
4290446.0,29.0,22.75,tc1
4290496.0,27.4375,22.8125,tc1
4290546.0,25.125,22.8125,tc1
4290596.0,23.625,22.8125,tc1
4290648.0,29.0625,22.8125,tc1
4290696.0,28.3125,22.8125,tc1
4290746.0,26.75,22.8125,tc1
4290796.0,24.4375,22.8125,tc1
4290846.0,22.125,22.8125,tc1
4290896.0,29.0625,22.8125,tc1
4290946.0,28.3125,22.8125,tc1
4290996.0,26.0,22.8125,tc1
4291046.0,24.4375,22.8125,tc1
4291096.0,22.125,22.8125,tc1
4291146.0,29.0625,22.8125,tc1
4291196.0,26.75,22.8125,tc1
4291246.0,25.1875,22.8125,tc1
4291296.0,22.875,22.8125,tc1
4291346.0,22.125,22.8125,tc1
4291396.0,29.0625,22.8125,tc1
4291446.0,28.3125,22.8125,tc1
4291496.0,26.0,22.8125,tc1
4291546.0,24.4375,22.8125,tc1
4291598.0,29.0625,22.8125,tc1
4291646.0,29.0625,22.8125,tc1
4291696.0,27.5,22.8125,tc1
4291746.0,25.1875,22.8125,tc1
4291797.0,22.875,22.8125,tc1
4291846.0,25.1875,22.8125,tc1
4291896.0,29.0625,22.8125,tc1
4291947.0,27.5,22.8125,tc1
4291997.0,23.6875,22.75,tc1
4292047.0,23.6875,22.75,tc1
4292097.0,29.0625,22.75,tc1
4292147.0,28.3125,22.75,tc1
4292197.0,26.0,22.75,tc1
4292247.0,24.4375,22.75,tc1
4292297.0,22.125,22.75,tc1
4292347.0,28.3125,22.75,tc1
4292397.0,28.25,22.75,tc1
4292447.0,26.6875,22.75,tc1
4292497.0,22.8125,22.75,tc1
4292547.0,24.375,22.75,tc1
4292597.0,29.0,22.75,tc1
4292647.0,27.4375,22.75,tc1
4292697.0,25.125,22.75,tc1
4292747.0,23.625,22.75,tc1
4292797.0,22.8125,22.75,tc1
4292847.0,29.0,22.75,tc1
4292897.0,25.125,22.75,tc1
4292947.0,24.375,22.75,tc1
4292997.0,22.125,22.75,tc1
4293047.0,28.3125,22.75,tc1
4293097.0,28.3125,22.75,tc1
4293147.0,26.75,22.75,tc1
4293197.0,24.4375,22.75,tc1
4293247.0,22.875,22.75,tc1
4293297.0,26.75,22.75,tc1
4293347.0,27.5,22.75,tc1
4293397.0,25.1875,22.75,tc1
4293447.0,23.625,22.75,tc1
4293497.0,22.0625,22.75,tc1
4293547.0,29.0,22.75,tc1
4293597.0,27.4375,22.75,tc1
4293647.0,26.0,22.75,tc1
4293697.0,24.4375,22.75,tc1
4293747.0,22.125,22.75,tc1
4293797.0,29.0625,22.75,tc1
4293848.0,25.9375,22.75,tc1
4293897.0,24.375,22.75,tc1
4293948.0,22.8125,22.75,tc1
4293998.0,22.0625,22.8125,tc1
4294048.0,29.0,22.8125,tc1
4294098.0,27.4375,22.8125,tc1
4294150.0,22.8125,22.8125,tc1
4294198.0,22.0625,22.8125,tc1
4294248.0,27.4375,22.8125,tc1
4294298.0,29.0625,22.8125,tc1
4294348.0,26.75,22.8125,tc1
4294398.0,24.4375,22.8125,tc1
4294448.0,22.875,22.8125,tc1
4294498.0,26.75,22.75,tc1
4294548.0,29.0625,22.75,tc1
4294598.0,24.4375,22.75,tc1
4294648.0,23.6875,22.75,tc1
4294698.0,22.125,22.75,tc1
4294748.0,29.0,22.75,tc1
4294798.0,27.4375,22.75,tc1
4294848.0,25.9375,22.75,tc1
4294898.0,24.375,22.75,tc1
4294948.0,22.0625,22.75,tc1
4294998.0,29.0,22.8125,tc1
4295048.0,28.25,22.8125,tc1
4295098.0,24.375,22.8125,tc1
4295148.0,22.875,22.8125,tc1
4295198.0,25.1875,22.8125,tc1
4295248.0,29.0625,22.8125,tc1
4295298.0,26.75,22.8125,tc1
4295348.0,25.1875,22.8125,tc1
4295398.0,22.875,22.8125,tc1
4295448.0,23.6875,22.8125,tc1
4295498.0,29.0625,22.8125,tc1
4295548.0,26.0,22.8125,tc1
4295598.0,24.4375,22.8125,tc1
4295648.0,22.125,22.8125,tc1
4295698.0,28.3125,22.8125,tc1
4295748.0,28.3125,22.8125,tc1
4295798.0,26.0,22.8125,tc1
4295848.0,24.4375,22.8125,tc1
4295898.0,22.125,22.8125,tc1
4295949.0,27.5,22.8125,tc1
4295999.0,26.6875,22.8125,tc1
4296049.0,25.125,22.8125,tc1
4296099.0,23.625,22.8125,tc1
4296149.0,22.8125,22.8125,tc1
4296199.0,29.0,22.8125,tc1
4296249.0,27.5,22.8125,tc1
4296300.0,25.1875,22.8125,tc1
4296349.0,23.6875,22.8125,tc1
4296399.0,28.3125,22.8125,tc1
4296449.0,28.3125,22.8125,tc1
4296499.0,26.0,22.8125,tc1
4296549.0,24.4375,22.8125,tc1
4296600.0,22.875,22.8125,tc1
4296649.0,23.6875,22.8125,tc1
4296699.0,29.0625,22.8125,tc1
4296749.0,27.5,22.8125,tc1
4296799.0,25.1875,22.8125,tc1
4296849.0,22.125,22.8125,tc1
4296899.0,29.0625,22.8125,tc1
4296949.0,27.5,22.8125,tc1
4296999.0,26.0,22.8125,tc1
4297049.0,24.4375,22.8125,tc1
4297099.0,22.125,22.8125,tc1
4297149.0,29.0625,22.8125,tc1
4297199.0,28.3125,22.8125,tc1
4297249.0,26.0,22.8125,tc1
4297299.0,24.4375,22.8125,tc1
4297349.0,29.0625,22.8125,tc1
4297399.0,29.0625,22.8125,tc1
4297450.0,27.5,22.8125,tc1
4297500.0,25.1875,22.8125,tc1
4297549.0,22.875,22.8125,tc1
4297599.0,22.125,22.8125,tc1
4297650.0,29.0625,22.8125,tc1
4297699.0,28.3125,22.8125,tc1
4297750.0,25.9375,22.8125,tc1
4297800.0,22.0625,22.8125,tc1
4297850.0,29.0,22.8125,tc1
4297899.0,29.0,22.8125,tc1
4297950.0,26.75,22.8125,tc1
4298000.0,25.1875,22.8125,tc1
4298050.0,22.875,22.8125,tc1
4298100.0,26.0,22.8125,tc1
4298150.0,29.0625,22.8125,tc1
4298200.0,25.1875,22.8125,tc1
4298250.0,23.6875,22.8125,tc1
4298300.0,22.125,22.8125,tc1
4298350.0,29.0625,22.8125,tc1
4298400.0,28.3125,22.8125,tc1
4298451.0,26.0,22.8125,tc1
4298500.0,24.4375,22.8125,tc1
4298550.0,22.125,22.8125,tc1
4298600.0,28.3125,22.8125,tc1
4298650.0,28.3125,22.8125,tc1
4298700.0,24.4375,22.8125,tc1
4298750.0,22.875,22.8125,tc1
4298800.0,24.4375,22.8125,tc1
4298850.0,29.0625,22.8125,tc1
4298900.0,27.5,22.8125,tc1
4298950.0,25.1875,22.8125,tc1
4299000.0,23.6875,22.75,tc1
4299050.0,22.8125,22.75,tc1
4299100.0,27.4375,22.75,tc1
4299150.0,25.9375,22.75,tc1
4299200.0,24.375,22.75,tc1
4299250.0,22.125,22.75,tc1
4299300.0,27.5,22.75,tc1
4299350.0,28.3125,22.75,tc1
4299400.0,26.0,22.75,tc1
4299450.0,24.4375,22.75,tc1
4299500.0,22.0625,22.75,tc1
4299550.0,26.6875,22.75,tc1
4299600.0,25.9375,22.75,tc1
4299650.0,24.375,22.75,tc1
4299700.0,23.625,22.75,tc1
4299750.0,22.0625,22.75,tc1
4299800.0,27.4375,22.75,tc1
4299850.0,26.6875,22.75,tc1
4299900.0,25.125,22.75,tc1
4299951.0,23.625,22.75,tc1
4300001.0,22.0625,22.8125,tc1
4300051.0,27.4375,22.8125,tc1
4300101.0,25.1875,22.8125,tc1
4300151.0,23.6875,22.8125,tc1
4300201.0,22.875,22.8125,tc1
4300251.0,25.1875,22.8125,tc1
4300301.0,26.75,22.8125,tc1
4300351.0,26.0,22.8125,tc1
4300401.0,23.6875,22.8125,tc1
4300451.0,22.125,22.8125,tc1
4300501.0,26.75,22.75,tc1
4300551.0,25.9375,22.75,tc1
4300601.0,24.375,22.75,tc1
4300651.0,23.625,22.75,tc1
4300701.0,22.0625,22.75,tc1
4300751.0,27.5,22.75,tc1
4300801.0,26.75,22.75,tc1
4300851.0,25.1875,22.75,tc1
4300901.0,23.6875,22.75,tc1
4300951.0,26.6875,22.75,tc1
4301001.0,27.4375,22.75,tc1
4301051.0,25.9375,22.75,tc1
4301101.0,24.375,22.75,tc1
4301151.0,22.8125,22.75,tc1
4301201.0,22.0625,22.75,tc1
4301251.0,27.4375,22.75,tc1
4301301.0,27.4375,22.75,tc1
4301351.0,24.375,22.75,tc1
4301401.0,22.0625,22.75,tc1
4301451.0,25.9375,22.75,tc1
4301501.0,28.25,22.75,tc1
4301551.0,26.6875,22.75,tc1
4301601.0,24.375,22.75,tc1
4301651.0,22.875,22.75,tc1
4301701.0,24.4375,22.75,tc1
4301751.0,28.3125,22.75,tc1
4301801.0,25.125,22.75,tc1
4301851.0,24.375,22.75,tc1
4301901.0,22.0625,22.75,tc1
4301952.0,28.25,22.75,tc1
4302002.0,27.4375,22.75,tc1
4302052.0,25.9375,22.75,tc1
4302104.0,24.375,22.75,tc1
4302152.0,22.0625,22.75,tc1
4302202.0,27.4375,22.75,tc1
4302252.0,27.4375,22.75,tc1
4302302.0,24.4375,22.75,tc1
4302352.0,22.875,22.75,tc1
4302402.0,22.875,22.75,tc1
4302452.0,27.5,22.75,tc1
4302502.0,26.6875,22.8125,tc1
4302552.0,24.375,22.8125,tc1
4302602.0,23.625,22.8125,tc1
4302652.0,27.4375,22.8125,tc1
4302702.0,27.4375,22.8125,tc1
4302753.0,25.9375,22.8125,tc1
4302803.0,24.375,22.8125,tc1
4302853.0,22.8125,22.8125,tc1
4302903.0,26.75,22.8125,tc1
4302953.0,28.3125,22.8125,tc1
4303003.0,26.0,22.75,tc1
4303053.0,22.875,22.75,tc1
4303103.0,22.0625,22.75,tc1
4303153.0,28.25,22.75,tc1
4303203.0,27.4375,22.75,tc1
4303253.0,25.125,22.75,tc1
4303303.0,23.625,22.75,tc1
4303353.0,22.0625,22.75,tc1
4303403.0,28.25,22.75,tc1
4303453.0,27.4375,22.75,tc1
4303503.0,25.9375,22.75,tc1
4303553.0,22.125,22.75,tc1
4303603.0,26.0,22.75,tc1
4303653.0,28.3125,22.75,tc1
4303703.0,26.75,22.75,tc1
4303753.0,24.4375,22.75,tc1
4303803.0,22.875,22.75,tc1
4303853.0,22.125,22.75,tc1
4303903.0,28.3125,22.75,tc1
4303953.0,27.5,22.75,tc1
4304003.0,23.625,22.75,tc1
4304053.0,22.8125,22.75,tc1
4304103.0,25.9375,22.75,tc1
4304153.0,28.25,22.75,tc1
4304203.0,26.0,22.75,tc1
4304253.0,24.4375,22.75,tc1
4304303.0,25.1875,22.75,tc1
4304353.0,27.5,22.75,tc1
4304403.0,26.6875,22.75,tc1
4304453.0,25.125,22.75,tc1
4304503.0,23.625,22.8125,tc1
4304553.0,22.0625,22.8125,tc1
4304603.0,27.4375,22.8125,tc1
4304653.0,26.75,22.8125,tc1
4304703.0,25.1875,22.8125,tc1
4304753.0,23.6875,22.8125,tc1
4304803.0,27.5,22.8125,tc1
4304853.0,27.5,22.8125,tc1
4304904.0,26.0,22.8125,tc1
4304953.0,24.4375,22.8125,tc1
4305004.0,22.875,22.75,tc1
4305053.0,23.6875,22.75,tc1
4305103.0,27.5,22.75,tc1
4305153.0,26.0,22.75,tc1
4305203.0,22.875,22.75,tc1
4305253.0,22.0625,22.75,tc1
4305303.0,25.9375,22.75,tc1
4305353.0,27.4375,22.75,tc1
4305403.0,25.125,22.75,tc1
4305453.0,23.625,22.75,tc1
4305503.0,22.0625,22.8125,tc1
4305553.0,26.6875,22.8125,tc1
4305603.0,26.6875,22.8125,tc1
4305653.0,25.9375,22.8125,tc1
4305703.0,22.8125,22.8125,tc1
4305755.0,22.8125,22.8125,tc1
4305803.0,27.4375,22.8125,tc1
4305853.0,26.6875,22.8125,tc1
4305903.0,25.125,22.8125,tc1
4305954.0,23.6875,22.8125,tc1
4306004.0,22.125,22.75,tc1
4306054.0,26.75,22.75,tc1
4306104.0,26.0,22.75,tc1
4306154.0,24.375,22.75,tc1
4306204.0,22.8125,22.75,tc1
4306254.0,22.8125,22.75,tc1
4306304.0,27.4375,22.75,tc1
4306354.0,26.6875,22.75,tc1
4306404.0,23.625,22.75,tc1
4306454.0,22.8125,22.75,tc1
4306504.0,25.125,22.8125,tc1
4306554.0,27.4375,22.8125,tc1
4306604.0,25.9375,22.8125,tc1
4306654.0,24.375,22.8125,tc1
4306704.0,23.625,22.8125,tc1
4306754.0,27.4375,22.8125,tc1
4306804.0,26.6875,22.8125,tc1
4306854.0,25.125,22.8125,tc1
4306904.0,23.625,22.8125,tc1
4306954.0,22.0625,22.8125,tc1
4307004.0,26.75,22.75,tc1
4307054.0,26.75,22.75,tc1
4307104.0,25.1875,22.75,tc1
4307155.0,23.6875,22.75,tc1
4307204.0,26.75,22.75,tc1
4307254.0,27.5,22.75,tc1
4307304.0,26.0,22.75,tc1
4307354.0,24.4375,22.75,tc1
4307404.0,22.875,22.75,tc1
4307454.0,22.8125,22.75,tc1
4307504.0,27.4375,22.8125,tc1
4307554.0,25.125,22.8125,tc1
4307604.0,23.625,22.8125,tc1
4307654.0,22.8125,22.8125,tc1
4307704.0,24.375,22.8125,tc1
4307754.0,27.4375,22.8125,tc1
4307804.0,25.9375,22.8125,tc1
4307854.0,24.375,22.8125,tc1
4307904.0,22.875,22.8125,tc1
4307955.0,27.5,22.8125,tc1
4308005.0,26.75,22.75,tc1
4308055.0,25.1875,22.75,tc1
4308105.0,23.625,22.75,tc1
4308155.0,22.0625,22.75,tc1
4308205.0,26.6875,22.75,tc1
4308255.0,26.6875,22.75,tc1
4308305.0,25.125,22.75,tc1
4308355.0,22.0625,22.75,tc1
4308405.0,23.625,22.75,tc1
4308455.0,26.6875,22.75,tc1
4308505.0,25.9375,22.8125,tc1
4308555.0,24.375,22.8125,tc1
4308605.0,22.8125,22.8125,tc1
4308655.0,22.0625,22.8125,tc1
4308705.0,26.6875,22.8125,tc1
4308756.0,25.9375,22.8125,tc1
4308805.0,23.625,22.8125,tc1
4308855.0,22.0625,22.8125,tc1
4308905.0,25.9375,22.8125,tc1
4308955.0,26.0,22.8125,tc1
4309005.0,25.1875,22.75,tc1
4309055.0,23.6875,22.75,tc1
4309105.0,22.125,22.75,tc1
4309155.0,25.125,22.75,tc1
4309206.0,26.6875,22.75,tc1
4309256.0,23.625,22.75,tc1
4309306.0,22.8125,22.75,tc1
4309356.0,22.0625,22.75,tc1
4309406.0,25.9375,22.75,tc1
4309456.0,25.9375,22.75,tc1
4309506.0,24.375,22.75,tc1
4309556.0,23.625,22.75,tc1
4309606.0,22.125,22.75,tc1
4309656.0,25.1875,22.75,tc1
4309706.0,26.0,22.75,tc1
4309756.0,23.6875,22.75,tc1
4309806.0,22.8125,22.75,tc1
4309856.0,22.0625,22.75,tc1
4309906.0,26.6875,22.75,tc1
4309956.0,25.9375,22.75,tc1
4310006.0,24.375,22.75,tc1
4310056.0,22.0625,22.75,tc1
4310107.0,25.9375,22.75,tc1
4310156.0,26.6875,22.75,tc1
4310206.0,25.125,22.75,tc1
4310256.0,23.6875,22.75,tc1
4310306.0,22.125,22.75,tc1
4310356.0,25.1875,22.75,tc1
4310406.0,26.75,22.75,tc1
4310456.0,25.125,22.75,tc1
4310506.0,22.8125,22.75,tc1
4310556.0,21.25,22.75,tc1
4310606.0,26.6875,22.75,tc1
4310656.0,25.9375,22.75,tc1
4310706.0,24.375,22.75,tc1
4310756.0,22.8125,22.75,tc1
4310806.0,22.0625,22.75,tc1
4310856.0,25.9375,22.75,tc1
4310906.0,25.125,22.75,tc1
4310956.0,23.625,22.75,tc1
4311006.0,22.8125,22.8125,tc1
4311056.0,22.0625,22.8125,tc1
4311106.0,26.0,22.8125,tc1
4311156.0,26.0,22.8125,tc1
4311206.0,24.4375,22.8125,tc1
4311256.0,23.6875,22.8125,tc1
4311306.0,25.9375,22.8125,tc1
4311356.0,25.9375,22.8125,tc1
4311406.0,25.125,22.8125,tc1
4311457.0,23.625,22.8125,tc1
4311507.0,22.125,22.75,tc1
4311557.0,24.4375,22.75,tc1
4311607.0,26.0,22.75,tc1
4311657.0,25.1875,22.75,tc1
4311707.0,22.8125,22.75,tc1
4311757.0,22.0625,22.75,tc1
4311807.0,26.6875,22.75,tc1
4311857.0,25.9375,22.75,tc1
4311907.0,24.375,22.75,tc1
4311957.0,23.625,22.75,tc1
4312007.0,22.0625,22.75,tc1
4312057.0,25.9375,22.75,tc1
4312109.0,25.9375,22.75,tc1
4312157.0,24.375,22.75,tc1
4312207.0,22.125,22.75,tc1
4312257.0,22.875,22.75,tc1
4312307.0,26.0,22.75,tc1
4312357.0,25.1875,22.75,tc1
4312407.0,23.625,22.75,tc1
4312457.0,22.8125,22.75,tc1
4312507.0,22.0625,22.8125,tc1
4312557.0,25.9375,22.8125,tc1
4312607.0,25.125,22.8125,tc1
4312657.0,23.625,22.8125,tc1
4312707.0,22.8125,22.8125,tc1
4312757.0,23.625,22.8125,tc1
4312807.0,26.75,22.8125,tc1
4312857.0,25.1875,22.8125,tc1
4312907.0,22.875,22.8125,tc1
4312957.0,22.125,22.8125,tc1
4313007.0,26.6875,22.8125,tc1
4313057.0,25.9375,22.8125,tc1
4313107.0,24.375,22.8125,tc1
4313157.0,23.625,22.8125,tc1
4313207.0,22.0625,22.8125,tc1
4313257.0,25.9375,22.8125,tc1
4313307.0,25.9375,22.8125,tc1
4313357.0,24.375,22.8125,tc1
4313407.0,22.0625,22.8125,tc1
4313457.0,22.875,22.8125,tc1
4313507.0,26.75,22.8125,tc1
4313557.0,26.0,22.8125,tc1
4313608.0,24.4375,22.8125,tc1
4313657.0,23.6875,22.8125,tc1
4313708.0,22.125,22.8125,tc1
4313757.0,26.75,22.8125,tc1
4313807.0,26.0,22.8125,tc1
4313857.0,23.6875,22.8125,tc1
4313907.0,22.875,22.8125,tc1
4313958.0,26.0,22.8125,tc1
4314008.0,26.75,22.75,tc1
4314058.0,26.0,22.75,tc1
4314108.0,24.375,22.75,tc1
4314158.0,22.8125,22.75,tc1
4314208.0,26.6875,22.75,tc1
4314258.0,26.6875,22.75,tc1
4314308.0,25.125,22.75,tc1
4314358.0,23.625,22.75,tc1
4314408.0,22.8125,22.75,tc1
4314458.0,25.9375,22.75,tc1
4314508.0,26.6875,22.75,tc1
4314558.0,23.625,22.75,tc1
4314610.0,22.8125,22.75,tc1
4314658.0,22.0625,22.75,tc1
4314708.0,26.6875,22.75,tc1
4314758.0,25.9375,22.75,tc1
4314808.0,24.375,22.75,tc1
4314858.0,23.625,22.75,tc1
4314908.0,22.0625,22.75,tc1
4314958.0,26.6875,22.75,tc1
4315008.0,25.125,22.75,tc1
4315058.0,23.625,22.75,tc1
4315108.0,22.8125,22.75,tc1
4315158.0,22.0625,22.75,tc1
4315208.0,26.6875,22.75,tc1
4315258.0,25.9375,22.75,tc1
4315308.0,24.375,22.75,tc1
4315358.0,23.625,22.75,tc1
4315408.0,26.6875,22.75,tc1
4315458.0,26.6875,22.75,tc1
4315508.0,25.125,22.75,tc1
4315558.0,23.625,22.75,tc1
4315608.0,22.8125,22.75,tc1
4315658.0,25.125,22.75,tc1
4315708.0,26.6875,22.75,tc1
4315758.0,25.125,22.75,tc1
4315808.0,22.8125,22.75,tc1
4315858.0,22.0625,22.75,tc1
4315908.0,26.6875,22.75,tc1
4315959.0,25.9375,22.75,tc1
4316009.0,24.375,22.8125,tc1
4316059.0,23.6875,22.8125,tc1
4316111.0,22.125,22.8125,tc1
4316159.0,26.75,22.8125,tc1
4316209.0,26.75,22.8125,tc1
4316259.0,23.6875,22.8125,tc1
4316309.0,22.875,22.8125,tc1
4316359.0,24.4375,22.8125,tc1
4316409.0,26.75,22.8125,tc1
4316459.0,26.0,22.8125,tc1
4316509.0,24.4375,22.75,tc1
4316559.0,22.875,22.75,tc1
4316609.0,26.75,22.75,tc1
4316659.0,26.75,22.75,tc1
4316709.0,25.1875,22.75,tc1
4316759.0,23.6875,22.75,tc1
4316809.0,22.875,22.75,tc1
4316859.0,24.4375,22.75,tc1
4316909.0,26.6875,22.75,tc1
4316959.0,25.9375,22.75,tc1
4317009.0,22.8125,22.8125,tc1
4317059.0,21.25,22.8125,tc1
4317109.0,26.6875,22.8125,tc1
4317159.0,25.9375,22.8125,tc1
4317209.0,24.375,22.8125,tc1
4317259.0,23.625,22.8125,tc1
4317309.0,22.0625,22.8125,tc1
4317359.0,26.75,22.8125,tc1
4317409.0,26.0,22.8125,tc1
4317459.0,23.6875,22.8125,tc1
4317509.0,22.875,22.75,tc1
4317559.0,23.625,22.75,tc1
4317609.0,26.6875,22.75,tc1
4317659.0,25.9375,22.75,tc1
4317709.0,23.625,22.75,tc1
4317759.0,22.125,22.75,tc1
4317809.0,26.75,22.75,tc1
4317859.0,26.75,22.75,tc1
4317909.0,25.1875,22.75,tc1
4317960.0,23.6875,22.75,tc1
4318010.0,22.8125,22.8125,tc1
4318060.0,24.375,22.8125,tc1
4318111.0,26.6875,22.8125,tc1
4318160.0,23.6875,22.8125,tc1
4318210.0,23.6875,22.8125,tc1
4318260.0,21.3125,22.8125,tc1
4318310.0,26.75,22.8125,tc1
4318360.0,26.0,22.8125,tc1
4318410.0,24.4375,22.8125,tc1
4318460.0,23.6875,22.8125,tc1
4318510.0,22.125,22.8125,tc1
4318560.0,26.75,22.8125,tc1
4318610.0,26.75,22.8125,tc1
4318661.0,23.6875,22.8125,tc1
4318710.0,22.875,22.8125,tc1
4318761.0,22.875,22.8125,tc1
4318811.0,26.75,22.8125,tc1
4318861.0,26.0,22.8125,tc1
4318910.0,24.4375,22.8125,tc1
4318961.0,22.125,22.8125,tc1
4319011.0,24.4375,22.8125,tc1
4319061.0,26.75,22.8125,tc1
4319111.0,25.1875,22.8125,tc1
4319161.0,23.6875,22.8125,tc1
4319211.0,22.875,22.8125,tc1
4319261.0,25.9375,22.8125,tc1
4319311.0,25.9375,22.8125,tc1
4319361.0,24.375,22.8125,tc1
4319411.0,23.625,22.8125,tc1
4319461.0,22.0625,22.8125,tc1
4319511.0,26.0,22.8125,tc1
4319561.0,26.0,22.8125,tc1
4319611.0,24.4375,22.8125,tc1
4319661.0,23.6875,22.8125,tc1
4319711.0,22.125,22.8125,tc1
4319761.0,26.0,22.8125,tc1
4319811.0,25.1875,22.8125,tc1
4319861.0,23.6875,22.8125,tc1
4319911.0,22.875,22.8125,tc1
4319961.0,22.125,22.8125,tc1
4320011.0,26.75,22.8125,tc1
4320061.0,26.0,22.8125,tc1
4320111.0,24.4375,22.8125,tc1
4320162.0,22.0625,22.8125,tc1
4320211.0,25.9375,22.8125,tc1
4320262.0,26.6875,22.8125,tc1
4320311.0,25.125,22.8125,tc1
4320361.0,23.6875,22.8125,tc1
4320411.0,22.875,22.8125,tc1
4320461.0,22.125,22.8125,tc1
4320511.0,26.75,22.8125,tc1
4320561.0,26.0,22.8125,tc1
4320611.0,22.875,22.8125,tc1
4320661.0,22.125,22.8125,tc1
4320711.0,26.75,22.8125,tc1
4320761.0,26.75,22.8125,tc1
4320811.0,25.1875,22.8125,tc1
4320861.0,23.6875,22.8125,tc1
4320911.0,22.875,22.8125,tc1
4320961.0,26.0,22.8125,tc1
4321011.0,26.0,22.8125,tc1
4321061.0,24.4375,22.8125,tc1
4321113.0,23.6875,22.8125,tc1
4321161.0,22.125,22.8125,tc1
4321211.0,27.5,22.8125,tc1
4321261.0,26.75,22.8125,tc1
4321311.0,25.1875,22.8125,tc1
4321361.0,23.6875,22.8125,tc1
4321411.0,22.125,22.8125,tc1
4321461.0,27.5,22.8125,tc1
4321511.0,26.0,22.75,tc1
4321561.0,24.4375,22.75,tc1
4321611.0,22.875,22.75,tc1
4321661.0,22.0625,22.75,tc1
4321711.0,27.4375,22.75,tc1
4321761.0,26.6875,22.75,tc1
4321811.0,22.8125,22.75,tc1
4321861.0,22.8125,22.75,tc1
4321911.0,26.6875,22.75,tc1
4321962.0,27.4375,22.75,tc1
4322012.0,25.9375,22.8125,tc1
4322062.0,24.4375,22.8125,tc1
4322112.0,22.875,22.8125,tc1
4322162.0,27.5,22.8125,tc1
4322212.0,26.75,22.8125,tc1
4322262.0,25.1875,22.8125,tc1
4322312.0,23.6875,22.8125,tc1
4322362.0,22.125,22.8125,tc1
4322413.0,28.3125,22.8125,tc1
4322462.0,27.5,22.8125,tc1
4322512.0,25.1875,22.75,tc1
4322562.0,23.6875,22.75,tc1
4322612.0,22.125,22.75,tc1
4322662.0,27.5,22.75,tc1
4322712.0,26.6875,22.75,tc1
4322762.0,24.375,22.75,tc1
4322812.0,22.8125,22.75,tc1
4322862.0,24.375,22.75,tc1
4322912.0,28.25,22.75,tc1
4322962.0,26.6875,22.75,tc1
4323012.0,22.8125,22.8125,tc1
4323062.0,22.0625,22.8125,tc1
4323112.0,25.9375,22.8125,tc1
4323162.0,28.3125,22.8125,tc1
4323212.0,26.75,22.8125,tc1
4323262.0,24.4375,22.8125,tc1
4323312.0,22.875,22.8125,tc1
4323362.0,24.4375,22.8125,tc1
4323412.0,28.3125,22.8125,tc1
4323462.0,25.1875,22.8125,tc1
4323512.0,24.4375,22.8125,tc1
4323562.0,22.125,22.8125,tc1
4323612.0,28.3125,22.8125,tc1
4323662.0,28.3125,22.8125,tc1
4323712.0,26.0,22.8125,tc1
4323762.0,24.4375,22.8125,tc1
4323812.0,22.125,22.8125,tc1
4323862.0,28.3125,22.8125,tc1
4323912.0,28.3125,22.8125,tc1
4323963.0,24.4375,22.8125,tc1
4324013.0,22.8125,22.75,tc1
4324063.0,22.8125,22.75,tc1
4324113.0,29.0,22.75,tc1
4324163.0,28.25,22.75,tc1
4324213.0,25.9375,22.75,tc1
4324263.0,22.0625,22.75,tc1
4324313.0,25.125,22.75,tc1
4324363.0,29.0,22.75,tc1
4324413.0,27.4375,22.75,tc1
4324464.0,24.375,22.75,tc1
4324513.0,22.8125,22.8125,tc1
4324564.0,23.625,22.8125,tc1
4324613.0,29.0,22.8125,tc1
4324664.0,27.5,22.8125,tc1
4324713.0,23.6875,22.8125,tc1
4324763.0,22.125,22.8125,tc1
4324813.0,28.3125,22.8125,tc1
4324863.0,28.3125,22.8125,tc1
4324913.0,26.0,22.8125,tc1
4324963.0,24.4375,22.8125,tc1
4325013.0,22.125,22.75,tc1
4325063.0,26.75,22.75,tc1
4325113.0,28.3125,22.75,tc1
4325163.0,26.0,22.75,tc1
4325213.0,22.875,22.75,tc1
4325263.0,22.125,22.75,tc1
4325313.0,28.25,22.75,tc1
4325363.0,26.6875,22.75,tc1
4325413.0,25.125,22.75,tc1
4325463.0,23.625,22.75,tc1
4325513.0,21.25,22.8125,tc1
4325563.0,28.25,22.8125,tc1
4325613.0,26.6875,22.8125,tc1
4325663.0,25.125,22.8125,tc1
4325713.0,21.25,22.8125,tc1
4325763.0,25.9375,22.8125,tc1
4325813.0,27.4375,22.8125,tc1
4325863.0,25.9375,22.8125,tc1
4325913.0,24.375,22.8125,tc1
4325964.0,22.875,22.8125,tc1
4326014.0,24.4375,22.8125,tc1
4326064.0,27.5,22.8125,tc1
4326114.0,24.4375,22.8125,tc1
4326164.0,23.6875,22.8125,tc1
4326214.0,21.3125,22.8125,tc1
4326264.0,27.5,22.8125,tc1
4326314.0,26.75,22.8125,tc1
4326364.0,25.1875,22.8125,tc1
4326414.0,23.6875,22.8125,tc1
4326464.0,22.125,22.8125,tc1
4326514.0,26.75,22.8125,tc1
4326564.0,27.5,22.8125,tc1
4326614.0,25.125,22.8125,tc1
4326664.0,22.0625,22.8125,tc1
4326714.0,22.8125,22.8125,tc1
4326764.0,27.4375,22.8125,tc1
4326814.0,26.0,22.8125,tc1
4326864.0,24.4375,22.8125,tc1
4326914.0,22.875,22.8125,tc1
4326964.0,27.5,22.8125,tc1
4327015.0,26.75,22.75,tc1
4327065.0,25.1875,22.75,tc1
4327114.0,23.6875,22.75,tc1
4327165.0,22.125,22.75,tc1
4327214.0,26.0,22.75,tc1
4327265.0,27.5,22.75,tc1
4327315.0,26.0,22.75,tc1
4327365.0,22.875,22.75,tc1
4327414.0,22.125,22.75,tc1
4327465.0,27.4375,22.75,tc1
4327515.0,26.6875,22.8125,tc1
4327565.0,25.125,22.8125,tc1
4327614.0,23.625,22.8125,tc1
4327665.0,22.125,22.8125,tc1
4327714.0,27.5,22.8125,tc1
4327765.0,26.75,22.8125,tc1
4327815.0,25.1875,22.8125,tc1
4327865.0,23.6875,22.8125,tc1
4327915.0,25.1875,22.8125,tc1
4327965.0,27.5,22.8125,tc1
4328015.0,26.0,22.75,tc1
4328065.0,24.4375,22.75,tc1
4328116.0,22.875,22.75,tc1
4328165.0,22.125,22.75,tc1
4328215.0,28.3125,22.75,tc1
4328265.0,27.5,22.75,tc1
4328315.0,24.375,22.75,tc1
4328365.0,22.0625,22.75,tc1
4328415.0,25.9375,22.75,tc1
4328465.0,28.25,22.75,tc1
4328515.0,25.9375,22.8125,tc1
4328565.0,24.375,22.8125,tc1
4328615.0,22.8125,22.8125,tc1
4328665.0,23.625,22.8125,tc1
4328715.0,28.25,22.8125,tc1
4328766.0,25.1875,22.8125,tc1
4328815.0,24.4375,22.8125,tc1
4328866.0,22.125,22.8125,tc1
4328915.0,27.5,22.8125,tc1
4328966.0,27.5,22.8125,tc1
4329015.0,26.0,22.75,tc1
4329065.0,24.4375,22.75,tc1
4329116.0,22.125,22.75,tc1
4329165.0,26.75,22.75,tc1
4329215.0,27.5,22.75,tc1
4329265.0,24.4375,22.75,tc1
4329315.0,23.6875,22.75,tc1
4329365.0,22.125,22.75,tc1
4329415.0,28.25,22.75,tc1
4329465.0,26.6875,22.75,tc1
4329515.0,25.125,22.75,tc1
4329565.0,22.8125,22.75,tc1
4329615.0,22.0625,22.75,tc1
4329665.0,27.4375,22.75,tc1
4329715.0,25.125,22.75,tc1
4329765.0,24.375,22.75,tc1
4329815.0,22.8125,22.75,tc1
4329865.0,25.9375,22.75,tc1
4329915.0,27.4375,22.75,tc1
4329966.0,25.9375,22.75,tc1
4330016.0,22.875,22.75,tc1
4330066.0,22.125,22.75,tc1
4330116.0,28.3125,22.75,tc1
4330166.0,26.75,22.75,tc1
4330216.0,25.1875,22.75,tc1
4330266.0,23.625,22.75,tc1
4330316.0,22.0625,22.75,tc1
4330366.0,27.4375,22.75,tc1
4330416.0,27.4375,22.75,tc1
4330466.0,25.125,22.75,tc1
4330516.0,22.0625,22.75,tc1
4330566.0,24.375,22.75,tc1
4330616.0,28.25,22.75,tc1
4330666.0,26.6875,22.75,tc1
4330716.0,24.375,22.75,tc1
4330766.0,22.8125,22.75,tc1
4330816.0,22.0625,22.75,tc1
4330866.0,28.25,22.75,tc1
4330916.0,27.4375,22.75,tc1
4330966.0,24.375,22.75,tc1
4331016.0,22.0625,22.75,tc1
4331066.0,25.125,22.75,tc1
4331118.0,27.4375,22.75,tc1
4331166.0,25.9375,22.75,tc1
4331216.0,23.625,22.75,tc1
4331266.0,22.0625,22.75,tc1
4331316.0,26.6875,22.75,tc1
4331366.0,28.25,22.75,tc1
4331416.0,25.9375,22.75,tc1
4331466.0,24.375,22.75,tc1
4331516.0,22.0625,22.75,tc1
4331566.0,27.4375,22.75,tc1
4331616.0,26.6875,22.75,tc1
4331666.0,25.125,22.75,tc1
4331716.0,23.625,22.75,tc1
4331766.0,21.3125,22.75,tc1
4331816.0,27.5,22.75,tc1
4331866.0,26.75,22.75,tc1
4331916.0,25.1875,22.75,tc1
4331967.0,22.0625,22.75,tc1
4332017.0,25.125,22.8125,tc1
4332067.0,27.4375,22.8125,tc1
4332117.0,25.9375,22.8125,tc1
4332167.0,24.375,22.8125,tc1
4332217.0,22.875,22.8125,tc1
4332267.0,23.6875,22.8125,tc1
4332317.0,27.5,22.8125,tc1
4332367.0,26.0,22.8125,tc1
4332417.0,23.6875,22.8125,tc1
4332467.0,22.125,22.8125,tc1
4332517.0,26.75,22.75,tc1
4332567.0,26.75,22.75,tc1
4332617.0,25.125,22.75,tc1
4332667.0,23.625,22.75,tc1
4332717.0,22.0625,22.75,tc1
4332767.0,25.9375,22.75,tc1
4332817.0,27.4375,22.75,tc1
4332867.0,23.625,22.75,tc1
4332917.0,22.8125,22.75,tc1
4332967.0,22.0625,22.75,tc1
4333017.0,27.4375,22.75,tc1
4333067.0,26.75,22.75,tc1
4333117.0,25.1875,22.75,tc1
4333167.0,23.6875,22.75,tc1
4333217.0,22.125,22.75,tc1
4333268.0,27.4375,22.75,tc1
4333317.0,26.6875,22.75,tc1
4333367.0,23.625,22.75,tc1
4333417.0,22.8125,22.75,tc1
4333467.0,25.125,22.75,tc1
4333517.0,27.4375,22.75,tc1
4333567.0,25.9375,22.75,tc1
4333617.0,24.375,22.75,tc1
4333667.0,22.8125,22.75,tc1
4333717.0,22.0625,22.75,tc1
4333767.0,27.4375,22.75,tc1
4333817.0,25.125,22.75,tc1
4333867.0,23.625,22.75,tc1
4333917.0,22.0625,22.75,tc1
4333968.0,27.4375,22.75,tc1
4334018.0,27.4375,22.8125,tc1
4334068.0,25.125,22.8125,tc1
4334118.0,23.625,22.8125,tc1
4334168.0,22.0625,22.8125,tc1
4334218.0,26.6875,22.8125,tc1
4334268.0,27.4375,22.8125,tc1
4334318.0,24.4375,22.8125,tc1
4334368.0,22.875,22.8125,tc1
4334418.0,22.125,22.8125,tc1
4334468.0,27.5,22.8125,tc1
4334518.0,27.5,22.75,tc1
4334568.0,25.125,22.75,tc1
4334618.0,23.625,22.75,tc1
4334668.0,22.0625,22.75,tc1
4334718.0,27.4375,22.75,tc1
4334768.0,25.125,22.75,tc1
4334818.0,23.625,22.75,tc1
4334868.0,22.8125,22.75,tc1
4334918.0,22.0625,22.75,tc1
4334968.0,27.4375,22.75,tc1
4335018.0,25.9375,22.75,tc1
4335068.0,24.375,22.75,tc1
4335118.0,23.625,22.75,tc1
4335168.0,22.0625,22.75,tc1
4335218.0,26.75,22.75,tc1
4335268.0,25.1875,22.75,tc1
4335319.0,23.6875,22.75,tc1
4335369.0,22.125,22.75,tc1
4335419.0,25.9375,22.75,tc1
4335469.0,27.4375,22.75,tc1
4335519.0,25.9375,22.8125,tc1
4335569.0,23.625,22.8125,tc1
4335619.0,24.375,22.8125,tc1
4335669.0,27.4375,22.8125,tc1
4335719.0,26.6875,22.8125,tc1
4335769.0,24.375,22.8125,tc1
4335819.0,23.625,22.8125,tc1
4335869.0,21.3125,22.8125,tc1
4335919.0,27.5,22.8125,tc1
4335969.0,26.75,22.8125,tc1
4336019.0,25.1875,22.8125,tc1
4336069.0,23.625,22.8125,tc1
4336119.0,26.6875,22.8125,tc1
4336169.0,27.4375,22.8125,tc1
4336219.0,25.9375,22.8125,tc1
4336269.0,24.375,22.8125,tc1
4336319.0,22.8125,22.8125,tc1
4336369.0,22.8125,22.8125,tc1
4336419.0,25.9375,22.8125,tc1
4336469.0,25.1875,22.8125,tc1
4336519.0,23.6875,22.75,tc1
4336569.0,22.125,22.75,tc1
4336619.0,26.75,22.75,tc1
4336669.0,26.75,22.75,tc1
4336719.0,25.1875,22.75,tc1
4336769.0,23.6875,22.75,tc1
4336819.0,22.125,22.75,tc1
4336869.0,26.0,22.75,tc1
4336919.0,25.9375,22.75,tc1
4336969.0,24.375,22.75,tc1
4337019.0,23.625,22.8125,tc1
4337069.0,22.0625,22.8125,tc1
4337119.0,27.4375,22.8125,tc1
4337169.0,26.75,22.8125,tc1
4337219.0,25.1875,22.8125,tc1
4337269.0,23.6875,22.8125,tc1
4337319.0,22.125,22.8125,tc1
4337369.0,27.5,22.8125,tc1
4337419.0,26.75,22.8125,tc1
4337469.0,24.4375,22.8125,tc1
4337519.0,22.875,22.75,tc1
4337569.0,22.0625,22.75,tc1
4337619.0,27.4375,22.75,tc1
4337670.0,26.6875,22.75,tc1
4337719.0,25.125,22.75,tc1
4337769.0,23.625,22.75,tc1
4337819.0,22.0625,22.75,tc1
4337869.0,26.6875,22.75,tc1
4337919.0,25.125,22.75,tc1
4337970.0,23.625,22.75,tc1
4338020.0,22.0625,22.8125,tc1
4338070.0,26.6875,22.8125,tc1
4338120.0,27.4375,22.8125,tc1
4338170.0,25.125,22.8125,tc1
4338220.0,23.625,22.8125,tc1
4338271.0,22.0625,22.8125,tc1
4338320.0,25.9375,22.8125,tc1
4338370.0,25.9375,22.8125,tc1
4338420.0,24.4375,22.8125,tc1
4338470.0,22.875,22.8125,tc1
4338520.0,22.125,22.75,tc1
4338570.0,27.5,22.75,tc1
4338620.0,26.75,22.75,tc1
4338670.0,25.125,22.75,tc1
4338720.0,23.625,22.75,tc1
4338770.0,22.0625,22.75,tc1
4338820.0,27.4375,22.75,tc1
4338870.0,25.9375,22.75,tc1
4338920.0,24.375,22.75,tc1
4338970.0,22.8125,22.75,tc1
4339020.0,22.0625,22.75,tc1
4339070.0,27.4375,22.75,tc1
4339120.0,26.6875,22.75,tc1
4339170.0,24.375,22.75,tc1
4339220.0,22.0625,22.75,tc1
4339270.0,25.9375,22.75,tc1
4339320.0,27.4375,22.75,tc1
4339370.0,25.9375,22.75,tc1
4339420.0,23.625,22.75,tc1
4339470.0,22.8125,22.75,tc1
4339520.0,25.125,22.75,tc1
4339570.0,27.4375,22.75,tc1
4339620.0,25.9375,22.75,tc1
4339670.0,22.8125,22.75,tc1
4339720.0,22.0625,22.75,tc1
4339770.0,27.4375,22.75,tc1
4339821.0,26.6875,22.75,tc1
4339870.0,25.125,22.75,tc1
4339920.0,23.625,22.75,tc1
4339971.0,22.0625,22.75,tc1
4340021.0,27.4375,22.75,tc1
4340071.0,27.4375,22.75,tc1
4340121.0,23.625,22.75,tc1
4340171.0,22.8125,22.75,tc1
4340221.0,23.625,22.75,tc1
4340271.0,27.4375,22.75,tc1
4340321.0,25.9375,22.75,tc1
4340371.0,24.375,22.75,tc1
4340421.0,22.8125,22.75,tc1
4340471.0,27.4375,22.75,tc1
4340521.0,26.6875,22.8125,tc1
4340571.0,25.9375,22.8125,tc1
4340621.0,24.375,22.8125,tc1
4340671.0,22.0625,22.8125,tc1
4340721.0,26.6875,22.8125,tc1
4340771.0,27.4375,22.8125,tc1
4340821.0,26.0,22.8125,tc1
4340871.0,24.4375,22.8125,tc1
4340921.0,22.125,22.8125,tc1
4340971.0,27.5,22.8125,tc1
4341021.0,26.75,22.75,tc1
4341071.0,25.1875,22.75,tc1
4341121.0,23.6875,22.75,tc1
4341171.0,22.125,22.75,tc1
4341221.0,26.75,22.75,tc1
4341271.0,27.4375,22.75,tc1
4341321.0,25.9375,22.75,tc1
4341371.0,22.8125,22.75,tc1
4341421.0,22.8125,22.75,tc1
4341471.0,27.4375,22.75,tc1
4341521.0,26.6875,22.75,tc1
4341571.0,24.375,22.75,tc1
4341621.0,23.625,22.75,tc1
4341671.0,22.0625,22.75,tc1
4341721.0,27.4375,22.75,tc1
4341771.0,25.125,22.75,tc1
4341821.0,23.625,22.75,tc1
4341871.0,22.8125,22.75,tc1
4341921.0,25.9375,22.75,tc1
4341972.0,27.4375,22.75,tc1
4342022.0,25.9375,22.75,tc1
4342072.0,24.375,22.75,tc1
4342122.0,22.0625,22.75,tc1
4342172.0,26.6875,22.75,tc1
4342222.0,27.4375,22.75,tc1
4342272.0,25.125,22.75,tc1
4342322.0,23.625,22.75,tc1
4342372.0,22.0625,22.75,tc1
4342422.0,25.9375,22.75,tc1
4342472.0,27.4375,22.75,tc1
4342522.0,25.9375,22.75,tc1
4342572.0,23.625,22.75,tc1
4342622.0,26.6875,22.75,tc1
4342672.0,27.4375,22.75,tc1
4342722.0,26.6875,22.75,tc1
4342772.0,24.375,22.75,tc1
4342822.0,22.8125,22.75,tc1
4342872.0,22.0625,22.75,tc1
4342922.0,27.4375,22.75,tc1
4342972.0,26.6875,22.75,tc1
4343022.0,25.125,22.75,tc1
4343072.0,22.0625,22.75,tc1
4343122.0,24.375,22.75,tc1
4343172.0,27.5,22.75,tc1
4343222.0,26.0,22.75,tc1
4343272.0,24.4375,22.75,tc1
4343322.0,22.875,22.75,tc1
4343372.0,27.4375,22.75,tc1
4343422.0,26.6875,22.75,tc1
4343472.0,25.125,22.75,tc1
4343522.0,23.625,22.75,tc1
4343572.0,22.0625,22.75,tc1
4343622.0,27.4375,22.75,tc1
4343672.0,27.4375,22.75,tc1
4343722.0,25.9375,22.75,tc1
4343772.0,22.8125,22.75,tc1
4343822.0,23.625,22.75,tc1
4343872.0,27.4375,22.75,tc1
4343922.0,27.4375,22.75,tc1
4343973.0,25.125,22.75,tc1
4344023.0,24.375,22.75,tc1
4344073.0,22.0625,22.75,tc1
4344123.0,27.4375,22.75,tc1
4344173.0,27.4375,22.75,tc1
4344223.0,25.9375,22.75,tc1
4344273.0,22.0625,22.75,tc1
4344323.0,26.6875,22.75,tc1
4344373.0,27.4375,22.75,tc1
4344423.0,26.6875,22.75,tc1
4344473.0,24.375,22.75,tc1
4344523.0,22.8125,22.75,tc1
4344573.0,22.0625,22.75,tc1
4344623.0,27.4375,22.75,tc1
4344673.0,26.6875,22.75,tc1
4344723.0,23.6875,22.75,tc1
4344773.0,22.125,22.75,tc1
4344823.0,26.75,22.75,tc1
4344873.0,27.5,22.75,tc1
4344923.0,25.9375,22.75,tc1
4344973.0,23.625,22.75,tc1
4345023.0,22.0625,22.75,tc1
4345073.0,25.125,22.75,tc1
4345123.0,27.4375,22.75,tc1
4345173.0,25.9375,22.75,tc1
4345223.0,22.8125,22.75,tc1
4345273.0,22.0625,22.75,tc1
4345323.0,27.4375,22.75,tc1
4345373.0,26.6875,22.75,tc1
4345423.0,25.125,22.75,tc1
4345473.0,23.625,22.75,tc1
4345523.0,21.25,22.75,tc1
4345573.0,27.4375,22.75,tc1
4345623.0,26.6875,22.75,tc1
4345673.0,25.125,22.75,tc1
4345723.0,22.0625,22.75,tc1
4345773.0,26.6875,22.75,tc1
4345823.0,26.6875,22.75,tc1
4345873.0,25.9375,22.75,tc1
4345923.0,24.375,22.75,tc1
4345974.0,22.8125,22.75,tc1
4346024.0,26.6875,22.8125,tc1
4346074.0,26.6875,22.8125,tc1
4346124.0,25.125,22.8125,tc1
4346174.0,23.6875,22.8125,tc1
4346224.0,22.125,22.8125,tc1
4346275.0,26.75,22.8125,tc1
4346324.0,26.75,22.8125,tc1
4346374.0,25.1875,22.8125,tc1
4346424.0,23.6875,22.8125,tc1
4346474.0,26.0,22.8125,tc1
4346524.0,27.5,22.8125,tc1
4346574.0,26.0,22.8125,tc1
4346624.0,24.375,22.8125,tc1
4346674.0,22.8125,22.8125,tc1
4346724.0,22.0625,22.8125,tc1
4346774.0,26.6875,22.8125,tc1
4346824.0,26.6875,22.8125,tc1
4346874.0,23.6875,22.8125,tc1
4346924.0,22.875,22.8125,tc1
4346974.0,23.6875,22.8125,tc1
4347024.0,27.5,22.8125,tc1
4347074.0,26.0625,22.8125,tc1
4347125.0,24.5,22.8125,tc1
4347174.0,22.9375,22.8125,tc1
4347224.0,22.1875,22.8125,tc1
4347274.0,26.0,22.8125,tc1
4347324.0,25.1875,22.8125,tc1
4347374.0,23.6875,22.8125,tc1
4347424.0,22.125,22.8125,tc1
4347474.0,26.75,22.8125,tc1
4347524.0,26.75,22.8125,tc1
4347574.0,25.1875,22.8125,tc1
4347624.0,23.6875,22.8125,tc1
4347674.0,22.125,22.8125,tc1
4347724.0,25.1875,22.8125,tc1
4347774.0,26.0,22.8125,tc1
4347824.0,24.4375,22.8125,tc1
4347874.0,22.875,22.8125,tc1
4347924.0,21.3125,22.8125,tc1
4347975.0,27.5,22.8125,tc1
4348025.0,26.75,22.8125,tc1
4348075.0,24.4375,22.8125,tc1
4348125.0,23.6875,22.8125,tc1
4348175.0,27.5,22.8125,tc1
4348225.0,27.5,22.8125,tc1
4348275.0,26.0,22.8125,tc1
4348325.0,23.6875,22.8125,tc1
4348375.0,22.125,22.8125,tc1
4348425.0,24.4375,22.8125,tc1
4348475.0,27.5,22.8125,tc1
4348526.0,26.0,22.8125,tc1
4348576.0,22.8125,22.8125,tc1
4348626.0,21.25,22.8125,tc1
4348676.0,26.6875,22.8125,tc1
4348726.0,25.9375,22.8125,tc1
4348776.0,25.1875,22.8125,tc1
4348826.0,23.6875,22.8125,tc1
4348876.0,21.3125,22.8125,tc1
4348926.0,26.75,22.8125,tc1
4348976.0,26.75,22.8125,tc1
4349026.0,25.1875,22.8125,tc1
4349076.0,22.125,22.8125,tc1
4349126.0,23.6875,22.8125,tc1
4349176.0,26.75,22.8125,tc1
4349226.0,25.9375,22.8125,tc1
4349276.0,24.375,22.8125,tc1
4349326.0,22.8125,22.8125,tc1
4349376.0,21.25,22.8125,tc1
4349426.0,26.75,22.8125,tc1
4349476.0,25.1875,22.8125,tc1
4349526.0,23.6875,22.8125,tc1
4349576.0,22.875,22.8125,tc1
4349626.0,23.6875,22.8125,tc1
4349676.0,27.5,22.8125,tc1
4349726.0,26.0,22.8125,tc1
4349776.0,24.4375,22.8125,tc1
4349826.0,22.125,22.8125,tc1
4349876.0,27.5,22.8125,tc1
4349926.0,26.75,22.8125,tc1
4349976.0,25.1875,22.8125,tc1
4350026.0,23.6875,22.8125,tc1
4350076.0,22.125,22.8125,tc1
4350126.0,26.75,22.8125,tc1
4350176.0,27.5,22.8125,tc1
4350226.0,26.0,22.8125,tc1
4350276.0,22.8125,22.8125,tc1
4350326.0,22.8125,22.8125,tc1
4350376.0,27.4375,22.8125,tc1
4350426.0,27.4375,22.8125,tc1
4350476.0,25.9375,22.8125,tc1
4350526.0,24.4375,22.75,tc1
4350576.0,22.875,22.75,tc1
4350627.0,27.5,22.75,tc1
4350677.0,26.75,22.75,tc1
4350726.0,25.125,22.75,tc1
4350776.0,23.625,22.75,tc1
4350826.0,23.625,22.75,tc1
4350876.0,28.25,22.75,tc1
4350926.0,26.6875,22.75,tc1
4350976.0,25.125,22.75,tc1
4351026.0,22.8125,22.8125,tc1
4351076.0,27.4375,22.8125,tc1
4351126.0,27.5,22.8125,tc1
4351176.0,26.0,22.8125,tc1
4351226.0,24.4375,22.8125,tc1
4351276.0,22.875,22.8125,tc1
4351326.0,24.4375,22.8125,tc1
4351376.0,27.5,22.8125,tc1
4351426.0,26.0,22.8125,tc1
4351476.0,22.875,22.8125,tc1
4351526.0,22.875,22.75,tc1
4351576.0,27.4375,22.75,tc1
4351626.0,27.4375,22.75,tc1
4351676.0,25.9375,22.75,tc1
4351726.0,24.375,22.75,tc1
4351776.0,22.0625,22.75,tc1
4351826.0,27.4375,22.75,tc1
4351876.0,25.9375,22.75,tc1
4351926.0,24.375,22.75,tc1
4351977.0,22.8125,22.75,tc1
4352027.0,22.8125,22.8125,tc1
4352077.0,27.4375,22.8125,tc1
4352127.0,26.6875,22.8125,tc1
4352177.0,24.375,22.8125,tc1
4352227.0,22.8125,22.8125,tc1
4352277.0,25.125,22.8125,tc1
4352327.0,27.4375,22.8125,tc1
4352377.0,26.6875,22.8125,tc1
4352427.0,24.4375,22.8125,tc1
4352477.0,23.6875,22.8125,tc1
4352527.0,23.6875,22.8125,tc1
4352577.0,26.75,22.8125,tc1
4352627.0,26.0,22.8125,tc1
4352677.0,24.4375,22.8125,tc1
4352727.0,22.875,22.8125,tc1
4352777.0,27.5,22.8125,tc1
4352827.0,27.5,22.8125,tc1
4352877.0,26.0,22.8125,tc1
4352928.0,22.875,22.8125,tc1
4352977.0,24.4375,22.8125,tc1
4353027.0,28.3125,22.8125,tc1
4353077.0,26.75,22.8125,tc1
4353127.0,25.1875,22.8125,tc1
4353177.0,23.6875,22.8125,tc1
4353227.0,22.875,22.8125,tc1
4353277.0,27.5,22.8125,tc1
4353327.0,26.6875,22.8125,tc1
4353377.0,23.625,22.8125,tc1
4353427.0,22.8125,22.8125,tc1
4353477.0,25.125,22.8125,tc1
4353527.0,28.3125,22.75,tc1
4353577.0,26.75,22.75,tc1
4353627.0,25.1875,22.75,tc1
4353677.0,23.6875,22.75,tc1
4353727.0,26.75,22.75,tc1
4353777.0,28.3125,22.75,tc1
4353827.0,26.75,22.75,tc1
4353877.0,23.6875,22.75,tc1
4353927.0,22.8125,22.75,tc1
4353978.0,27.4375,22.75,tc1
4354028.0,27.4375,22.75,tc1
4354078.0,25.9375,22.75,tc1
4354128.0,24.375,22.75,tc1
4354178.0,26.75,22.75,tc1
4354228.0,27.5,22.75,tc1
4354278.0,26.75,22.75,tc1
4354328.0,25.1875,22.75,tc1
4354378.0,23.625,22.75,tc1
4354428.0,22.8125,22.75,tc1
4354478.0,28.25,22.75,tc1
4354528.0,26.6875,22.75,tc1
4354578.0,25.125,22.75,tc1
4354628.0,22.8125,22.75,tc1
4354678.0,27.4375,22.75,tc1
4354728.0,27.4375,22.75,tc1
4354778.0,25.9375,22.75,tc1
4354828.0,24.375,22.75,tc1
4354878.0,22.8125,22.75,tc1
4354928.0,27.4375,22.75,tc1
4354978.0,26.6875,22.75,tc1
4355028.0,25.9375,22.8125,tc1
4355079.0,24.375,22.8125,tc1
4355128.0,22.8125,22.8125,tc1
4355178.0,26.6875,22.8125,tc1
4355228.0,26.75,22.8125,tc1
4355278.0,25.1875,22.8125,tc1
4355328.0,22.875,22.8125,tc1
4355378.0,22.875,22.8125,tc1
4355428.0,27.5,22.8125,tc1
4355478.0,26.75,22.8125,tc1
4355528.0,25.1875,22.75,tc1
4355578.0,23.6875,22.75,tc1
4355628.0,22.125,22.75,tc1
4355678.0,26.75,22.75,tc1
4355728.0,25.1875,22.75,tc1
4355778.0,24.4375,22.75,tc1
4355828.0,22.875,22.75,tc1
4355878.0,22.8125,22.75,tc1
4355928.0,26.6875,22.75,tc1
4355979.0,25.9375,22.75,tc1
4356029.0,23.625,22.75,tc1
4356079.0,22.0625,22.75,tc1
4356129.0,26.6875,22.75,tc1
4356179.0,26.6875,22.75,tc1
4356229.0,25.125,22.75,tc1
4356279.0,23.625,22.75,tc1
4356329.0,22.0625,22.75,tc1
4356379.0,25.9375,22.75,tc1
4356429.0,26.6875,22.75,tc1
4356479.0,23.625,22.75,tc1
4356529.0,22.8125,22.8125,tc1
4356579.0,22.0625,22.8125,tc1
4356630.0,26.6875,22.8125,tc1
4356680.0,25.9375,22.8125,tc1
4356730.0,24.375,22.8125,tc1
4356780.0,23.625,22.8125,tc1
4356830.0,22.0625,22.8125,tc1
4356880.0,26.6875,22.8125,tc1
4356930.0,24.4375,22.8125,tc1
4356980.0,23.6875,22.8125,tc1
4357030.0,22.125,22.75,tc1
4357080.0,25.1875,22.75,tc1
4357130.0,26.75,22.75,tc1
4357180.0,25.125,22.75,tc1
4357230.0,23.625,22.75,tc1
4357280.0,22.8125,22.75,tc1
4357330.0,26.6875,22.75,tc1
4357380.0,25.9375,22.75,tc1
4357430.0,25.125,22.75,tc1
4357481.0,23.625,22.75,tc1
4357530.0,22.0625,22.75,tc1
4357580.0,25.125,22.75,tc1
4357630.0,26.6875,22.75,tc1
4357680.0,25.9375,22.75,tc1
4357730.0,23.625,22.75,tc1
4357780.0,24.375,22.75,tc1
4357830.0,26.6875,22.75,tc1
4357880.0,25.9375,22.75,tc1
4357930.0,24.375,22.75,tc1
4357980.0,23.625,22.75,tc1
4358030.0,22.0625,22.75,tc1
4358080.0,27.4375,22.75,tc1
4358130.0,26.6875,22.75,tc1
4358180.0,25.125,22.75,tc1
4358230.0,23.625,22.75,tc1
4358280.0,26.6875,22.75,tc1
4358330.0,26.6875,22.75,tc1
4358380.0,25.9375,22.75,tc1
4358430.0,24.375,22.75,tc1
4358480.0,22.8125,22.75,tc1
4358530.0,22.8125,22.75,tc1
4358580.0,25.9375,22.75,tc1
4358630.0,25.125,22.75,tc1
4358680.0,23.6875,22.75,tc1
4358730.0,22.125,22.75,tc1
4358780.0,25.1875,22.75,tc1
4358830.0,26.75,22.75,tc1
4358880.0,25.125,22.75,tc1
4358930.0,23.625,22.75,tc1
4358980.0,22.0625,22.75,tc1
4359030.0,25.9375,22.75,tc1
4359080.0,25.125,22.75,tc1
4359130.0,24.375,22.75,tc1
4359180.0,22.8125,22.75,tc1
4359230.0,22.0625,22.75,tc1
4359280.0,26.6875,22.75,tc1
4359330.0,26.6875,22.75,tc1
4359380.0,25.125,22.75,tc1
4359430.0,23.625,22.75,tc1
4359480.0,25.9375,22.75,tc1
4359530.0,26.6875,22.75,tc1
4359580.0,25.9375,22.75,tc1
4359632.0,24.375,22.75,tc1
4359680.0,22.8125,22.75,tc1
4359730.0,22.0625,22.75,tc1
4359780.0,26.6875,22.75,tc1
4359830.0,25.9375,22.75,tc1
4359880.0,22.8125,22.75,tc1
4359930.0,22.0625,22.75,tc1
4359981.0,26.6875,22.75,tc1
4360031.0,26.6875,22.75,tc1
4360081.0,25.125,22.75,tc1
4360131.0,23.625,22.75,tc1
4360181.0,22.0625,22.75,tc1
4360231.0,25.125,22.75,tc1
4360281.0,26.6875,22.75,tc1
4360331.0,23.625,22.75,tc1
4360381.0,22.8125,22.75,tc1
4360431.0,22.0625,22.75,tc1
4360481.0,26.6875,22.75,tc1
4360531.0,25.9375,22.8125,tc1
4360581.0,24.375,22.8125,tc1
4360631.0,23.625,22.8125,tc1
4360681.0,22.0625,22.8125,tc1
4360731.0,26.6875,22.8125,tc1
4360781.0,26.6875,22.8125,tc1
4360831.0,23.625,22.8125,tc1
4360881.0,22.8125,22.8125,tc1
4360931.0,24.375,22.8125,tc1
4360981.0,26.6875,22.8125,tc1
4361031.0,26.0,22.75,tc1
4361081.0,24.4375,22.75,tc1
4361131.0,22.875,22.75,tc1
4361181.0,22.125,22.75,tc1
4361231.0,26.75,22.75,tc1
4361281.0,26.0,22.75,tc1
4361331.0,23.6875,22.75,tc1
4361381.0,22.875,22.75,tc1
4361431.0,24.4375,22.75,tc1
4361481.0,26.6875,22.75,tc1
4361531.0,25.9375,22.75,tc1
4361581.0,22.8125,22.75,tc1
4361632.0,22.0625,22.75,tc1
4361681.0,27.4375,22.75,tc1
4361731.0,26.6875,22.75,tc1
4361781.0,25.125,22.75,tc1
4361831.0,23.625,22.75,tc1
4361881.0,22.0625,22.75,tc1
4361931.0,26.6875,22.75,tc1
4361982.0,26.6875,22.75,tc1
4362032.0,25.125,22.75,tc1
4362082.0,22.0625,22.75,tc1
4362132.0,22.8125,22.75,tc1
4362182.0,27.4375,22.75,tc1
4362232.0,25.9375,22.75,tc1
4362282.0,24.375,22.75,tc1
4362332.0,23.625,22.75,tc1
4362382.0,22.0625,22.75,tc1
4362432.0,27.4375,22.75,tc1
4362482.0,26.6875,22.75,tc1
4362532.0,23.625,22.75,tc1
4362582.0,22.0625,22.75,tc1
4362632.0,25.9375,22.75,tc1
4362682.0,27.4375,22.75,tc1
4362732.0,25.9375,22.75,tc1
4362782.0,24.375,22.75,tc1
4362832.0,22.8125,22.75,tc1
4362882.0,25.125,22.75,tc1
4362932.0,25.9375,22.75,tc1
4362982.0,25.125,22.75,tc1
4363032.0,23.625,22.75,tc1
4363082.0,22.0625,22.75,tc1
4363132.0,27.4375,22.75,tc1
4363182.0,26.75,22.75,tc1
4363232.0,25.1875,22.75,tc1
4363282.0,23.6875,22.75,tc1
4363332.0,22.125,22.75,tc1
4363382.0,26.75,22.75,tc1
4363432.0,25.125,22.75,tc1
4363482.0,24.375,22.75,tc1
4363532.0,22.8125,22.75,tc1
4363582.0,22.0625,22.75,tc1
4363632.0,27.5,22.75,tc1
4363682.0,26.75,22.75,tc1
4363732.0,24.4375,22.75,tc1
4363783.0,22.875,22.75,tc1
4363832.0,25.9375,22.75,tc1
4363882.0,27.4375,22.75,tc1
4363932.0,25.9375,22.75,tc1
4363983.0,24.375,22.75,tc1
4364033.0,23.625,22.75,tc1
4364083.0,24.375,22.75,tc1
4364133.0,27.4375,22.75,tc1
4364183.0,26.6875,22.75,tc1
4364233.0,25.125,22.75,tc1
4364283.0,22.875,22.75,tc1
4364333.0,27.5,22.75,tc1
4364383.0,27.5,22.75,tc1
4364433.0,26.0,22.75,tc1
4364483.0,24.375,22.75,tc1
4364533.0,22.8125,22.75,tc1
4364583.0,26.6875,22.75,tc1
4364633.0,27.4375,22.75,tc1
4364683.0,24.4375,22.75,tc1
4364733.0,23.6875,22.75,tc1
4364783.0,22.875,22.75,tc1
4364833.0,28.3125,22.75,tc1
4364883.0,26.75,22.75,tc1
4364933.0,25.125,22.75,tc1
4364983.0,24.375,22.75,tc1
4365033.0,22.0625,22.75,tc1
4365083.0,27.4375,22.75,tc1
4365133.0,26.0,22.75,tc1
4365183.0,24.4375,22.75,tc1
4365233.0,22.875,22.75,tc1
4365283.0,26.0,22.75,tc1
4365333.0,27.5,22.75,tc1
4365383.0,25.9375,22.75,tc1
4365433.0,24.375,22.75,tc1
4365483.0,22.0625,22.75,tc1
4365533.0,26.6875,22.75,tc1
4365583.0,27.5,22.75,tc1
4365633.0,26.0,22.75,tc1
4365683.0,24.4375,22.75,tc1
4365733.0,22.875,22.75,tc1
4365783.0,25.9375,22.75,tc1
4365833.0,27.4375,22.75,tc1
4365883.0,24.375,22.75,tc1
4365934.0,23.625,22.75,tc1
4365984.0,22.0625,22.75,tc1
4366034.0,27.4375,22.75,tc1
4366084.0,26.6875,22.75,tc1
4366135.0,25.125,22.75,tc1
4366185.0,23.625,22.75,tc1
4366235.0,22.0625,22.75,tc1
4366285.0,26.6875,22.75,tc1
4366335.0,26.6875,22.75,tc1
4366385.0,23.625,22.75,tc1
4366435.0,22.8125,22.75,tc1
4366485.0,24.375,22.75,tc1
4366535.0,26.6875,22.8125,tc1
4366585.0,25.9375,22.8125,tc1
4366635.0,24.375,22.8125,tc1
4366685.0,22.8125,22.8125,tc1
4366735.0,27.4375,22.8125,tc1
4366785.0,26.6875,22.8125,tc1
4366835.0,25.9375,22.8125,tc1
4366885.0,23.6875,22.8125,tc1
4366935.0,22.875,22.8125,tc1
4366985.0,24.4375,22.8125,tc1
4367035.0,27.5,22.75,tc1
4367085.0,25.9375,22.75,tc1
4367135.0,22.8125,22.75,tc1
4367185.0,22.0625,22.75,tc1
4367235.0,27.4375,22.75,tc1
4367285.0,27.4375,22.75,tc1
4367335.0,25.125,22.75,tc1
4367385.0,23.625,22.75,tc1
4367435.0,22.0625,22.75,tc1
4367485.0,26.6875,22.75,tc1
4367535.0,27.4375,22.8125,tc1
4367585.0,25.9375,22.8125,tc1
4367635.0,22.0625,22.8125,tc1
4367685.0,22.8125,22.8125,tc1
4367735.0,27.4375,22.8125,tc1
4367785.0,26.6875,22.8125,tc1
4367835.0,24.375,22.8125,tc1
4367885.0,23.625,22.8125,tc1
4367935.0,22.125,22.8125,tc1
4367985.0,27.5,22.8125,tc1
4368035.0,24.4375,22.75,tc1
4368085.0,23.6875,22.75,tc1
4368135.0,22.0625,22.75,tc1
4368186.0,25.125,22.75,tc1
4368235.0,26.6875,22.75,tc1
4368285.0,25.125,22.75,tc1
4368335.0,23.625,22.75,tc1
4368385.0,22.8125,22.75,tc1
4368435.0,25.9375,22.75,tc1
4368485.0,25.9375,22.75,tc1
4368535.0,24.375,22.75,tc1
4368585.0,22.8125,22.75,tc1
4368635.0,22.0625,22.75,tc1
4368685.0,25.125,22.75,tc1
4368735.0,25.9375,22.75,tc1
4368785.0,24.375,22.75,tc1
4368835.0,22.125,22.75,tc1
4368885.0,23.6875,22.75,tc1
4368935.0,26.0,22.75,tc1
4368985.0,25.1875,22.75,tc1
4369035.0,23.625,22.8125,tc1
4369085.0,22.8125,22.8125,tc1
4369135.0,21.25,22.8125,tc1
4369185.0,25.9375,22.8125,tc1
4369235.0,24.4375,22.8125,tc1
4369285.0,23.6875,22.8125,tc1
4369335.0,22.125,22.8125,tc1
4369385.0,24.4375,22.8125,tc1
4369435.0,26.0,22.8125,tc1
4369485.0,25.1875,22.8125,tc1
4369535.0,23.6875,22.75,tc1
4369585.0,22.875,22.75,tc1
4369635.0,25.9375,22.75,tc1
4369685.0,25.9375,22.75,tc1
4369735.0,25.125,22.75,tc1
4369785.0,23.625,22.75,tc1
4369835.0,22.0625,22.75,tc1
4369885.0,25.9375,22.75,tc1
4369935.0,25.9375,22.75,tc1
4369986.0,25.125,22.75,tc1
4370036.0,23.625,22.75,tc1
4370086.0,22.8125,22.75,tc1
4370136.0,25.9375,22.75,tc1
4370186.0,25.9375,22.75,tc1
4370236.0,24.375,22.75,tc1
4370286.0,22.8125,22.75,tc1
4370337.0,22.125,22.75,tc1
4370386.0,26.0,22.75,tc1
4370437.0,25.1875,22.75,tc1
4370486.0,23.6875,22.75,tc1
4370536.0,22.8125,22.75,tc1
4370586.0,22.8125,22.75,tc1
4370636.0,25.9375,22.75,tc1
4370686.0,24.375,22.75,tc1
4370736.0,23.625,22.75,tc1
4370786.0,22.0625,22.75,tc1
4370836.0,24.375,22.75,tc1
4370886.0,25.9375,22.75,tc1
4370936.0,25.125,22.75,tc1
4370986.0,23.625,22.75,tc1
4371036.0,22.8125,22.75,tc1
4371086.0,25.9375,22.75,tc1
4371136.0,25.9375,22.75,tc1
4371186.0,24.4375,22.75,tc1
4371236.0,22.875,22.75,tc1
4371286.0,22.125,22.75,tc1
4371336.0,24.4375,22.75,tc1
4371386.0,25.9375,22.75,tc1
4371436.0,23.625,22.75,tc1
4371486.0,22.8125,22.75,tc1
4371536.0,21.25,22.8125,tc1
4371586.0,26.0,22.8125,tc1
4371636.0,26.0,22.8125,tc1
4371686.0,24.4375,22.8125,tc1
4371736.0,22.125,22.8125,tc1
4371786.0,24.375,22.8125,tc1
4371836.0,25.9375,22.8125,tc1
4371886.0,25.125,22.8125,tc1
4371936.0,23.625,22.8125,tc1
4371987.0,22.0625,22.8125,tc1
4372037.0,23.6875,22.75,tc1
4372087.0,26.0,22.75,tc1
4372137.0,25.1875,22.75,tc1
4372187.0,22.875,22.75,tc1
4372237.0,22.0625,22.75,tc1
4372287.0,25.125,22.75,tc1
4372337.0,25.9375,22.75,tc1
4372387.0,25.125,22.75,tc1
4372437.0,23.625,22.75,tc1
4372487.0,22.0625,22.75,tc1
4372537.0,25.9375,22.75,tc1
4372588.0,25.9375,22.75,tc1
4372637.0,25.125,22.75,tc1
4372687.0,22.8125,22.75,tc1
4372737.0,21.25,22.75,tc1
4372787.0,25.9375,22.75,tc1
4372837.0,25.9375,22.75,tc1
4372887.0,24.375,22.75,tc1
4372937.0,22.8125,22.75,tc1
4372987.0,22.0625,22.75,tc1
4373037.0,25.9375,22.8125,tc1
4373087.0,25.1875,22.8125,tc1
4373137.0,23.6875,22.8125,tc1
4373187.0,22.875,22.8125,tc1
4373237.0,22.125,22.8125,tc1
4373287.0,26.0,22.8125,tc1
4373337.0,25.125,22.8125,tc1
4373387.0,22.8125,22.8125,tc1
4373437.0,22.8125,22.8125,tc1
4373487.0,23.625,22.8125,tc1
4373537.0,26.0,22.8125,tc1
4373587.0,25.1875,22.8125,tc1
4373638.0,23.6875,22.8125,tc1
4373688.0,22.875,22.8125,tc1
4373738.0,25.9375,22.8125,tc1
4373787.0,25.9375,22.8125,tc1
4373838.0,24.375,22.8125,tc1
4373887.0,23.625,22.8125,tc1
4373938.0,22.0625,22.8125,tc1
4373988.0,26.0,22.8125,tc1
4374038.0,26.0,22.75,tc1
4374088.0,24.4375,22.75,tc1
4374138.0,22.0625,22.75,tc1
4374188.0,22.8125,22.75,tc1
4374238.0,25.9375,22.75,tc1
4374288.0,25.9375,22.75,tc1
4374338.0,24.375,22.75,tc1
4374388.0,22.8125,22.75,tc1
4374438.0,22.0625,22.75,tc1
4374488.0,25.9375,22.75,tc1
4374538.0,25.125,22.75,tc1
4374588.0,23.6875,22.75,tc1
4374638.0,22.125,22.75,tc1
4374688.0,22.125,22.75,tc1
4374739.0,26.0,22.75,tc1
4374788.0,25.1875,22.75,tc1
4374838.0,23.625,22.75,tc1
4374888.0,21.25,22.75,tc1
4374938.0,25.9375,22.75,tc1
4374988.0,25.125,22.75,tc1
4375038.0,24.375,22.75,tc1
4375088.0,22.8125,22.75,tc1
4375138.0,22.0625,22.75,tc1
4375188.0,22.0625,22.75,tc1
4375238.0,25.9375,22.75,tc1
4375288.0,23.625,22.75,tc1
4375338.0,22.8125,22.75,tc1
4375388.0,21.25,22.75,tc1
4375438.0,25.125,22.75,tc1
4375488.0,25.125,22.75,tc1
4375538.0,24.375,22.75,tc1
4375588.0,22.0625,22.75,tc1
4375638.0,22.8125,22.75,tc1
4375688.0,26.0,22.75,tc1
4375738.0,25.1875,22.75,tc1
4375789.0,24.4375,22.75,tc1
4375838.0,22.875,22.75,tc1
4375888.0,21.3125,22.75,tc1
4375938.0,25.125,22.75,tc1
4375989.0,24.375,22.75,tc1
4376039.0,22.8125,22.75,tc1
4376089.0,22.0625,22.75,tc1
4376139.0,22.8125,22.75,tc1
4376189.0,25.9375,22.75,tc1
4376239.0,25.125,22.75,tc1
4376289.0,22.8125,22.75,tc1
4376339.0,21.25,22.75,tc1
4376389.0,24.375,22.75,tc1
4376439.0,25.125,22.75,tc1
4376489.0,24.375,22.75,tc1
4376539.0,22.8125,22.75,tc1
4376589.0,22.8125,22.75,tc1
4376639.0,25.9375,22.75,tc1
4376689.0,25.125,22.75,tc1
4376739.0,23.625,22.75,tc1
4376789.0,22.875,22.75,tc1
4376839.0,21.3125,22.75,tc1
4376890.0,26.0,22.75,tc1
4376939.0,25.1875,22.75,tc1
4376989.0,22.8125,22.75,tc1
4377039.0,22.0625,22.8125,tc1
4377089.0,21.25,22.8125,tc1
4377139.0,25.125,22.8125,tc1
4377189.0,24.375,22.8125,tc1
4377239.0,23.625,22.8125,tc1
4377289.0,22.8125,22.8125,tc1
4377339.0,22.0625,22.8125,tc1
4377389.0,25.1875,22.8125,tc1
4377439.0,24.4375,22.8125,tc1
4377489.0,23.6875,22.8125,tc1
4377539.0,22.125,22.75,tc1
4377589.0,23.6875,22.75,tc1
4377639.0,25.9375,22.75,tc1
4377689.0,24.375,22.75,tc1
4377739.0,23.625,22.75,tc1
4377789.0,22.0625,22.75,tc1
4377839.0,25.9375,22.75,tc1
4377889.0,25.125,22.75,tc1
4377939.0,24.375,22.75,tc1
4377991.0,22.8125,22.75,tc1
4378040.0,22.0625,22.8125,tc1
4378090.0,26.0,22.8125,tc1
4378142.0,26.0,22.8125,tc1
4378190.0,23.6875,22.8125,tc1
4378240.0,22.875,22.8125,tc1
4378290.0,22.0625,22.8125,tc1
4378340.0,25.9375,22.8125,tc1
4378390.0,25.125,22.8125,tc1
4378440.0,24.375,22.8125,tc1
4378490.0,23.6875,22.8125,tc1
4378540.0,22.125,22.8125,tc1
4378590.0,26.0,22.8125,tc1
4378640.0,25.1875,22.8125,tc1
4378690.0,23.6875,22.8125,tc1
4378740.0,22.875,22.8125,tc1
4378790.0,22.875,22.8125,tc1
4378840.0,26.0,22.8125,tc1
4378890.0,24.4375,22.8125,tc1
4378940.0,23.6875,22.8125,tc1
4378990.0,22.875,22.8125,tc1
4379041.0,24.4375,22.75,tc1
4379090.0,26.0,22.75,tc1
4379141.0,25.125,22.75,tc1
4379190.0,24.375,22.75,tc1
4379240.0,23.625,22.75,tc1
4379290.0,26.6875,22.75,tc1
4379340.0,25.9375,22.75,tc1
4379390.0,24.375,22.75,tc1
4379440.0,23.625,22.75,tc1
4379490.0,22.8125,22.75,tc1
4379540.0,25.9375,22.75,tc1
4379590.0,25.9375,22.75,tc1
4379640.0,23.625,22.75,tc1
4379690.0,22.8125,22.75,tc1
4379740.0,23.625,22.75,tc1
4379790.0,25.9375,22.75,tc1
4379840.0,25.125,22.75,tc1
4379890.0,23.625,22.75,tc1
4379940.0,22.8125,22.75,tc1
4379991.0,25.9375,22.75,tc1
4380041.0,25.9375,22.8125,tc1
4380091.0,24.375,22.8125,tc1
4380141.0,23.625,22.8125,tc1
4380191.0,22.875,22.8125,tc1
4380241.0,22.875,22.8125,tc1
4380291.0,25.1875,22.8125,tc1
4380341.0,24.4375,22.8125,tc1
4380391.0,23.6875,22.8125,tc1
4380441.0,22.125,22.8125,tc1
4380491.0,24.4375,22.8125,tc1
4380541.0,26.0,22.8125,tc1
4380591.0,24.4375,22.8125,tc1
4380641.0,23.6875,22.8125,tc1
4380691.0,22.125,22.8125,tc1
4380741.0,25.1875,22.8125,tc1
4380791.0,24.4375,22.8125,tc1
4380841.0,23.6875,22.8125,tc1
4380891.0,22.875,22.8125,tc1
4380941.0,22.125,22.8125,tc1
4380991.0,26.0,22.8125,tc1
4381041.0,26.0,22.75,tc1
4381091.0,24.375,22.75,tc1
4381141.0,23.625,22.75,tc1
4381191.0,25.9375,22.75,tc1
4381241.0,25.9375,22.75,tc1
4381291.0,25.125,22.75,tc1
4381341.0,23.625,22.75,tc1
4381391.0,22.8125,22.75,tc1
4381441.0,22.8125,22.75,tc1
4381491.0,25.125,22.75,tc1
4381541.0,25.125,22.8125,tc1
4381591.0,23.625,22.8125,tc1
4381641.0,22.8125,22.8125,tc1
4381691.0,23.625,22.8125,tc1
4381741.0,25.9375,22.8125,tc1
4381791.0,25.125,22.8125,tc1
4381841.0,22.8125,22.8125,tc1
4381891.0,22.0625,22.8125,tc1
4381941.0,26.0,22.8125,tc1
4381992.0,26.0,22.8125,tc1
4382042.0,24.4375,22.75,tc1
4382092.0,23.6875,22.75,tc1
4382142.0,22.0625,22.75,tc1
4382192.0,25.9375,22.75,tc1
4382242.0,25.9375,22.75,tc1
4382292.0,23.625,22.75,tc1
4382342.0,22.8125,22.75,tc1
4382392.0,22.8125,22.75,tc1
4382442.0,25.9375,22.75,tc1
4382492.0,25.9375,22.75,tc1
4382542.0,24.375,22.75,tc1
4382592.0,23.625,22.75,tc1
4382642.0,25.9375,22.75,tc1
4382692.0,25.9375,22.75,tc1
4382742.0,25.125,22.75,tc1
4382792.0,23.625,22.75,tc1
4382842.0,22.8125,22.75,tc1
4382892.0,23.625,22.75,tc1
4382942.0,25.9375,22.75,tc1
4382992.0,25.125,22.75,tc1
4383042.0,22.8125,22.8125,tc1
4383092.0,22.8125,22.8125,tc1
4383142.0,25.125,22.8125,tc1
4383192.0,25.9375,22.8125,tc1
4383242.0,24.4375,22.8125,tc1
4383292.0,23.6875,22.8125,tc1
4383342.0,22.125,22.8125,tc1
4383392.0,26.0,22.8125,tc1
4383443.0,25.1875,22.8125,tc1
4383492.0,24.4375,22.8125,tc1
4383542.0,23.6875,22.75,tc1
4383592.0,23.6875,22.75,tc1
4383642.0,25.9375,22.75,tc1
4383692.0,25.125,22.75,tc1
4383742.0,24.375,22.75,tc1
4383792.0,22.0625,22.75,tc1
4383842.0,23.625,22.75,tc1
4383892.0,25.9375,22.75,tc1
4383942.0,25.125,22.75,tc1
4383993.0,23.625,22.75,tc1
4384043.0,22.8125,22.75,tc1
4384093.0,26.6875,22.75,tc1
4384143.0,25.9375,22.75,tc1
4384193.0,25.9375,22.75,tc1
4384243.0,24.375,22.75,tc1
4384293.0,22.8125,22.75,tc1
4384343.0,25.125,22.75,tc1
4384393.0,26.6875,22.75,tc1
4384443.0,25.9375,22.75,tc1
4384493.0,23.625,22.75,tc1
4384543.0,22.8125,22.75,tc1
4384593.0,26.6875,22.75,tc1
4384643.0,25.9375,22.75,tc1
4384693.0,25.125,22.75,tc1
4384743.0,24.375,22.75,tc1
4384793.0,22.8125,22.75,tc1
4384843.0,26.6875,22.75,tc1
4384893.0,25.9375,22.75,tc1
4384943.0,24.375,22.75,tc1
4384993.0,24.375,22.75,tc1
4385043.0,22.8125,22.75,tc1
4385093.0,26.6875,22.75,tc1
4385145.0,25.9375,22.75,tc1
4385193.0,24.375,22.75,tc1
4385243.0,22.8125,22.75,tc1
4385293.0,25.9375,22.75,tc1
4385343.0,25.9375,22.75,tc1
4385393.0,25.125,22.75,tc1
4385443.0,24.375,22.75,tc1
4385493.0,23.625,22.75,tc1
4385543.0,25.125,22.8125,tc1
4385594.0,25.9375,22.8125,tc1
4385643.0,25.125,22.8125,tc1
4385693.0,23.625,22.8125,tc1
4385743.0,22.8125,22.8125,tc1
4385793.0,26.0,22.8125,tc1
4385843.0,25.1875,22.8125,tc1
4385893.0,24.4375,22.8125,tc1
4385943.0,23.6875,22.8125,tc1
4385994.0,22.875,22.8125,tc1
4386044.0,25.1875,22.8125,tc1
4386094.0,25.1875,22.8125,tc1
4386144.0,23.6875,22.8125,tc1
4386196.0,23.6875,22.8125,tc1
4386244.0,24.4375,22.8125,tc1
4386294.0,25.1875,22.8125,tc1
4386344.0,25.1875,22.8125,tc1
4386394.0,24.4375,22.8125,tc1
4386444.0,23.6875,22.8125,tc1
4386494.0,23.6875,22.8125,tc1
4386544.0,25.1875,22.75,tc1
4386594.0,24.4375,22.75,tc1
4386646.0,23.6875,22.75,tc1
4386694.0,22.875,22.75,tc1
4386744.0,25.1875,22.75,tc1
4386795.0,26.0,22.75,tc1
4386844.0,23.6875,22.75,tc1
4386894.0,22.8125,22.75,tc1
4386944.0,23.625,22.75,tc1
4386994.0,25.9375,22.75,tc1
4387044.0,25.9375,22.8125,tc1
4387094.0,25.125,22.8125,tc1
4387144.0,24.375,22.8125,tc1
4387194.0,23.625,22.8125,tc1
4387244.0,25.9375,22.8125,tc1
4387295.0,25.9375,22.8125,tc1
4387344.0,25.1875,22.8125,tc1
4387394.0,23.6875,22.8125,tc1
4387444.0,23.6875,22.8125,tc1
4387494.0,23.6875,22.8125,tc1
4387544.0,22.875,22.75,tc1
4387594.0,23.6875,22.75,tc1
4387644.0,24.4375,22.75,tc1
4387694.0,22.8125,22.75,tc1
4387745.0,22.8125,22.75,tc1
4387794.0,22.8125,22.75,tc1
4387845.0,24.375,22.75,tc1
4387894.0,24.375,22.75,tc1
4387944.0,25.125,22.75,tc1
4387995.0,24.375,22.75,tc1
4388045.0,25.125,22.75,tc1
4388095.0,24.375,22.75,tc1
4388145.0,23.625,22.75,tc1
4388195.0,26.0,22.75,tc1
4388245.0,26.0,22.75,tc1
4388295.0,25.1875,22.75,tc1
4388345.0,24.4375,22.75,tc1
4388395.0,22.8125,22.75,tc1
4388445.0,22.8125,22.75,tc1
4388495.0,25.9375,22.75,tc1
4388545.0,23.625,22.75,tc1
4388595.0,23.625,22.75,tc1
4388645.0,21.25,22.75,tc1
4388695.0,25.9375,22.75,tc1
4388745.0,22.8125,22.75,tc1
4388795.0,22.8125,22.75,tc1
4388845.0,22.8125,22.75,tc1
4388895.0,22.0625,22.75,tc1
4388945.0,24.375,22.75,tc1
4388995.0,23.625,22.75,tc1
4389045.0,26.6875,22.75,tc1
4389095.0,35.125,22.75,tc1
4389145.0,45.0625,22.75,tc1
4389195.0,55.6875,22.75,tc1
4389245.0,67.75,22.75,tc1
4389295.0,72.3125,22.75,tc1
4389345.0,82.125,22.75,tc1
4389395.0,91.9375,22.75,tc1
4389445.0,101.0,22.75,tc1
4389495.0,125.4375,22.75,tc1
4389545.0,133.875,22.75,tc1
4389595.0,138.5,22.75,tc1
4389645.0,146.25,22.75,tc1
4389695.0,154.0625,22.75,tc1
4389745.0,164.1875,22.75,tc1
4389795.0,173.625,22.75,tc1
4389845.0,172.8125,22.75,tc1
4389895.0,176.6875,22.75,tc1
4389945.0,179.0,22.75,tc1
4389997.0,179.0,22.75,tc1
4390046.0,179.8125,22.8125,tc1
4390096.0,179.0625,22.8125,tc1
4390146.0,178.3125,22.8125,tc1
4390196.0,179.0625,22.8125,tc1
4390246.0,181.4375,22.8125,tc1
4390296.0,179.875,22.8125,tc1
4390346.0,179.875,22.8125,tc1
4390396.0,179.875,22.8125,tc1
4390446.0,180.6875,22.8125,tc1
4390496.0,183.0,22.8125,tc1
4390546.0,182.1875,22.75,tc1
4390596.0,183.75,22.75,tc1
4390646.0,183.75,22.75,tc1
4390696.0,185.3125,22.75,tc1
4390746.0,186.875,22.75,tc1
4390796.0,185.3125,22.75,tc1
4390846.0,186.875,22.75,tc1
4390896.0,187.6875,22.75,tc1
4390946.0,186.125,22.75,tc1
4390996.0,186.125,22.75,tc1
4391046.0,186.125,22.75,tc1
4391096.0,186.875,22.75,tc1
4391148.0,186.125,22.75,tc1
4391196.0,186.125,22.75,tc1
4391246.0,186.125,22.75,tc1
4391296.0,185.3125,22.75,tc1
4391346.0,185.3125,22.75,tc1
4391396.0,186.125,22.75,tc1
4391446.0,185.3125,22.75,tc1
4391496.0,185.3125,22.75,tc1
4391546.0,183.75,22.6875,tc1
4391596.0,183.75,22.6875,tc1
4391648.0,182.9375,22.6875,tc1
4391697.0,182.9375,22.6875,tc1
4391748.0,179.8125,22.6875,tc1
4391798.0,182.1875,22.6875,tc1
4391848.0,179.0,22.6875,tc1
4391897.0,175.875,22.6875,tc1
4391948.0,172.75,22.6875,tc1
4391997.0,170.375,22.6875,tc1
4392048.0,168.0,22.8125,tc1
4392098.0,166.4375,22.8125,tc1
4392148.0,164.875,22.8125,tc1
4392198.0,162.5,22.8125,tc1
4392248.0,159.4375,22.8125,tc1
4392298.0,158.6875,22.8125,tc1
4392348.0,156.3125,22.8125,tc1
4392398.0,154.8125,22.8125,tc1
4392448.0,152.4375,22.8125,tc1
4392498.0,150.9375,22.8125,tc1
4392548.0,149.375,22.75,tc1
4392598.0,147.875,22.75,tc1
4392648.0,146.3125,22.75,tc1
4392698.0,146.25,22.75,tc1
4392748.0,140.8125,22.75,tc1
4392798.0,140.0625,22.75,tc1
4392848.0,139.25,22.75,tc1
4392898.0,136.9375,22.75,tc1
4392948.0,135.4375,22.75,tc1
4392998.0,133.125,22.75,tc1
4393048.0,131.5625,22.75,tc1
4393098.0,130.0,22.75,tc1
4393148.0,129.25,22.75,tc1
4393198.0,128.5,22.75,tc1
4393248.0,129.25,22.75,tc1
4393298.0,125.4375,22.75,tc1
4393348.0,124.625,22.75,tc1
4393398.0,123.125,22.75,tc1
4393448.0,121.5625,22.75,tc1
4393498.0,120.0625,22.75,tc1
4393548.0,119.3125,22.75,tc1
4393598.0,118.5625,22.75,tc1
4393648.0,117.8125,22.75,tc1
4393698.0,115.5,22.75,tc1
4393748.0,114.6875,22.75,tc1
4393798.0,113.9375,22.75,tc1
4393848.0,113.1875,22.75,tc1
4393898.0,111.6875,22.75,tc1
4393948.0,112.4375,22.75,tc1
4393998.0,110.125,22.75,tc1
4394048.0,111.6875,22.75,tc1
4394098.0,109.375,22.75,tc1
4394148.0,108.625,22.75,tc1
4394198.0,106.3125,22.75,tc1
4394248.0,107.0625,22.75,tc1
4394299.0,104.8125,22.75,tc1
4394349.0,94.1875,22.75,tc1
4394399.0,82.125,22.75,tc1
4394449.0,77.5625,22.75,tc1
4394499.0,71.5625,22.75,tc1
4394549.0,66.25,22.8125,tc1
4394599.0,61.75,22.8125,tc1
4394649.0,57.25,22.8125,tc1
4394699.0,55.75,22.8125,tc1
4394749.0,53.4375,22.8125,tc1
4394799.0,50.4375,22.8125,tc1
4394849.0,47.375,22.8125,tc1
4394899.0,45.875,22.8125,tc1
4394949.0,47.375,22.8125,tc1
4394999.0,45.875,22.8125,tc1
4395049.0,42.8125,22.75,tc1
4395099.0,41.25,22.75,tc1
4395149.0,38.9375,22.75,tc1
4395199.0,42.75,22.75,tc1
4395249.0,39.0,22.75,tc1
4395299.0,37.5,22.75,tc1
4395349.0,35.1875,22.75,tc1
4395399.0,38.25,22.75,tc1
4395449.0,38.25,22.75,tc1
4395499.0,36.6875,22.75,tc1
4395549.0,34.375,22.75,tc1
4395599.0,32.875,22.75,tc1
4395649.0,35.125,22.75,tc1
4395699.0,36.6875,22.75,tc1
4395749.0,32.875,22.75,tc1
4395799.0,32.0625,22.75,tc1
4395849.0,30.5625,22.75,tc1
4395899.0,35.125,22.75,tc1
4395949.0,34.375,22.75,tc1
4395999.0,32.0625,22.75,tc1
4396049.0,30.5625,22.75,tc1
4396099.0,29.0,22.75,tc1
4396149.0,33.6875,22.75,tc1
4396199.0,32.9375,22.75,tc1
4396249.0,31.375,22.75,tc1
4396299.0,28.3125,22.75,tc1
4396350.0,32.875,22.75,tc1
4396399.0,32.0625,22.75,tc1
4396449.0,30.5625,22.75,tc1
4396499.0,29.0,22.75,tc1
4396550.0,27.4375,22.75,tc1
4396599.0,31.375,22.75,tc1
4396649.0,32.125,22.75,tc1
4396699.0,29.8125,22.75,tc1
4396749.0,28.3125,22.75,tc1
4396799.0,29.75,22.75,tc1
4396849.0,30.5625,22.75,tc1
4396899.0,29.75,22.75,tc1
4396949.0,28.25,22.75,tc1
4396999.0,27.4375,22.75,tc1
4397049.0,25.9375,22.75,tc1
4397099.0,29.0,22.75,tc1
4397149.0,29.0,22.75,tc1
4397199.0,27.4375,22.75,tc1
4397249.0,27.5,22.75,tc1
4397299.0,26.75,22.75,tc1
4397349.0,29.0625,22.75,tc1
4397399.0,28.3125,22.75,tc1
4397449.0,27.4375,22.75,tc1
4397499.0,26.6875,22.75,tc1
4397549.0,29.0,22.75,tc1
4397599.0,29.0,22.75,tc1
4397649.0,28.3125,22.75,tc1
4397699.0,27.5,22.75,tc1
4397749.0,26.75,22.75,tc1
4397799.0,28.3125,22.75,tc1
4397849.0,29.0,22.75,tc1
4397899.0,28.25,22.75,tc1
4397949.0,27.4375,22.75,tc1
4398000.0,26.6875,22.75,tc1
4398051.0,29.0,22.75,tc1
4398100.0,29.0,22.75,tc1
4398150.0,28.25,22.75,tc1
4398200.0,27.4375,22.75,tc1
4398250.0,26.6875,22.75,tc1
4398300.0,29.0,22.75,tc1
4398350.0,28.25,22.75,tc1
4398400.0,27.4375,22.75,tc1
4398450.0,26.6875,22.75,tc1
4398500.0,27.4375,22.75,tc1
4398550.0,28.25,22.75,tc1
4398600.0,27.4375,22.75,tc1
4398650.0,26.6875,22.75,tc1
4398701.0,25.9375,22.75,tc1
4398750.0,25.9375,22.75,tc1
4398800.0,28.25,22.75,tc1
4398850.0,25.9375,22.75,tc1
4398900.0,25.9375,22.75,tc1
4398950.0,25.125,22.75,tc1
4399000.0,27.4375,22.75,tc1
4399050.0,27.4375,22.75,tc1
4399100.0,26.6875,22.75,tc1
4399150.0,25.9375,22.75,tc1
4399200.0,25.125,22.75,tc1
4399250.0,27.4375,22.75,tc1
4399300.0,27.4375,22.75,tc1
4399350.0,26.6875,22.75,tc1
4399400.0,25.125,22.75,tc1
4399450.0,24.375,22.75,tc1
4399500.0,27.4375,22.75,tc1
4399550.0,26.6875,22.75,tc1
4399600.0,25.125,22.75,tc1
4399650.0,25.125,22.75,tc1
4399700.0,25.9375,22.75,tc1
4399750.0,26.6875,22.75,tc1
4399800.0,26.75,22.75,tc1
4399850.0,25.1875,22.75,tc1
4399900.0,24.4375,22.75,tc1
4399950.0,26.75,22.75,tc1
4400001.0,26.6875,22.75,tc1
4400051.0,25.9375,22.75,tc1
4400101.0,25.125,22.75,tc1
4400151.0,24.375,22.75,tc1
4400201.0,26.6875,22.75,tc1
4400251.0,26.75,22.75,tc1
4400301.0,26.0,22.75,tc1
4400351.0,24.4375,22.75,tc1
4400401.0,25.1875,22.75,tc1
4400451.0,26.6875,22.75,tc1
4400501.0,25.9375,22.75,tc1
4400551.0,25.125,22.75,tc1
4400601.0,24.375,22.75,tc1
4400651.0,23.6875,22.75,tc1
4400701.0,26.75,22.75,tc1
4400751.0,26.0,22.75,tc1
4400801.0,25.1875,22.75,tc1
4400852.0,23.625,22.75,tc1
4400901.0,26.6875,22.75,tc1
4400951.0,25.9375,22.75,tc1
4401001.0,25.125,22.75,tc1
4401051.0,24.375,22.75,tc1
4401101.0,23.625,22.75,tc1
4401151.0,25.9375,22.75,tc1
4401201.0,25.9375,22.75,tc1
4401251.0,25.125,22.75,tc1
4401301.0,24.375,22.75,tc1
4401351.0,25.9375,22.75,tc1
4401401.0,25.9375,22.75,tc1
4401451.0,25.9375,22.75,tc1
4401501.0,24.375,22.75,tc1
4401551.0,24.375,22.8125,tc1
4401601.0,23.625,22.8125,tc1
4401651.0,25.9375,22.8125,tc1
4401701.0,25.9375,22.8125,tc1
4401751.0,25.125,22.8125,tc1
4401801.0,24.375,22.8125,tc1
4401851.0,25.9375,22.8125,tc1
4401901.0,25.9375,22.8125,tc1
4401951.0,26.0,22.8125,tc1
4402002.0,24.4375,22.8125,tc1
4402052.0,23.6875,22.75,tc1
4402102.0,23.6875,22.75,tc1
4402152.0,26.75,22.75,tc1
4402202.0,25.9375,22.75,tc1
4402252.0,25.125,22.75,tc1
4402302.0,22.8125,22.75,tc1
4402352.0,27.4375,22.75,tc1
4402402.0,27.4375,22.75,tc1
4402452.0,25.9375,22.75,tc1
4402502.0,24.375,22.75,tc1
4402552.0,22.8125,22.75,tc1
4402602.0,25.125,22.75,tc1
4402652.0,27.4375,22.75,tc1
4402702.0,25.125,22.75,tc1
4402752.0,23.625,22.75,tc1
4402802.0,22.8125,22.75,tc1
4402852.0,27.4375,22.75,tc1
4402902.0,26.6875,22.75,tc1
4402952.0,25.9375,22.75,tc1
4403003.0,24.375,22.75,tc1
4403052.0,23.625,22.75,tc1
4403102.0,27.4375,22.75,tc1
4403152.0,25.9375,22.75,tc1
4403202.0,25.125,22.75,tc1
4403252.0,23.625,22.75,tc1
4403302.0,23.625,22.75,tc1
4403352.0,28.25,22.75,tc1
4403402.0,26.6875,22.75,tc1
4403452.0,25.125,22.75,tc1
4403502.0,23.625,22.75,tc1
4403552.0,27.4375,22.75,tc1
4403602.0,27.4375,22.75,tc1
4403652.0,25.9375,22.75,tc1
4403702.0,24.4375,22.75,tc1
4403752.0,22.875,22.75,tc1
4403803.0,27.5,22.75,tc1
4403853.0,28.3125,22.75,tc1
4403902.0,26.6875,22.75,tc1
4403953.0,22.8125,22.75,tc1
4404003.0,23.625,22.75,tc1
4404053.0,28.25,22.75,tc1
4404103.0,26.6875,22.75,tc1
4404153.0,25.125,22.75,tc1
4404203.0,24.375,22.75,tc1
4404253.0,22.8125,22.75,tc1
4404303.0,27.4375,22.75,tc1
4404353.0,26.0,22.75,tc1
4404403.0,24.4375,22.75,tc1
4404453.0,23.6875,22.75,tc1
4404503.0,23.6875,22.75,tc1
4404553.0,26.6875,22.75,tc1
4404603.0,25.9375,22.75,tc1
4404653.0,24.375,22.75,tc1
4404703.0,23.625,22.75,tc1
4404753.0,25.125,22.75,tc1
4404803.0,25.125,22.75,tc1
4404853.0,23.625,22.75,tc1
4404903.0,22.8125,22.75,tc1
4404953.0,22.8125,22.75,tc1
4405003.0,24.375,22.75,tc1
4405053.0,24.375,22.8125,tc1
4405103.0,23.625,22.8125,tc1
4405153.0,23.625,22.8125,tc1
4405203.0,23.625,22.8125,tc1
4405254.0,24.375,22.8125,tc1
4405303.0,24.375,22.8125,tc1
4405353.0,24.375,22.8125,tc1
4405403.0,23.6875,22.8125,tc1
4405453.0,23.6875,22.8125,tc1
4405503.0,24.4375,22.8125,tc1
4405553.0,24.4375,22.75,tc1
4405603.0,23.625,22.75,tc1
4405653.0,23.625,22.75,tc1
4405703.0,24.375,22.75,tc1
4405753.0,24.375,22.75,tc1
4405803.0,24.375,22.75,tc1
4405853.0,24.4375,22.75,tc1
4405903.0,22.875,22.75,tc1
4405953.0,24.4375,22.75,tc1
4406004.0,25.1875,22.75,tc1
4406054.0,24.375,22.8125,tc1
4406104.0,24.375,22.8125,tc1
4406154.0,24.375,22.8125,tc1
4406204.0,25.125,22.8125,tc1
4406254.0,25.125,22.8125,tc1
4406304.0,24.375,22.8125,tc1
4406354.0,24.375,22.8125,tc1
4406404.0,24.375,22.8125,tc1
4406454.0,25.1875,22.8125,tc1
4406504.0,24.4375,22.8125,tc1
4406554.0,24.4375,22.75,tc1
4406604.0,24.4375,22.75,tc1
4406654.0,24.4375,22.75,tc1
4406704.0,25.1875,22.75,tc1
4406754.0,24.4375,22.75,tc1
4406804.0,24.4375,22.75,tc1
4406854.0,23.6875,22.75,tc1
4406904.0,25.125,22.75,tc1
4406954.0,25.125,22.75,tc1
4407004.0,23.625,22.75,tc1
4407054.0,23.625,22.75,tc1
4407104.0,22.8125,22.75,tc1
4407154.0,22.875,22.75,tc1
4407204.0,23.6875,22.75,tc1
4407254.0,22.875,22.75,tc1
4407304.0,22.875,22.75,tc1
4407354.0,22.8125,22.75,tc1
4407405.0,22.8125,22.75,tc1
4407454.0,22.8125,22.75,tc1
4407504.0,22.8125,22.75,tc1
4407554.0,22.875,22.75,tc1
4407604.0,22.875,22.75,tc1
4407654.0,22.875,22.75,tc1
4407704.0,22.875,22.75,tc1
4407754.0,22.8125,22.75,tc1
4407804.0,22.8125,22.75,tc1
4407854.0,22.8125,22.75,tc1
4407904.0,22.8125,22.75,tc1
4407954.0,22.8125,22.75,tc1
4408005.0,22.8125,22.75,tc1
4408055.0,22.8125,22.75,tc1
4408105.0,23.625,22.75,tc1
4408155.0,25.125,22.75,tc1
4408205.0,25.9375,22.75,tc1
4408255.0,25.125,22.75,tc1
4408305.0,23.625,22.75,tc1
4408355.0,22.8125,22.75,tc1
4408405.0,23.625,22.75,tc1
4408455.0,24.375,22.75,tc1
4408505.0,25.125,22.75,tc1
4408555.0,24.375,22.8125,tc1
4408605.0,26.75,22.8125,tc1
4408655.0,26.0,22.8125,tc1
4408705.0,24.4375,22.8125,tc1
4408755.0,24.4375,22.8125,tc1
4408805.0,23.6875,22.8125,tc1
4408855.0,26.0,22.8125,tc1
4408905.0,26.0,22.8125,tc1
4408955.0,24.4375,22.8125,tc1
4409005.0,23.6875,22.8125,tc1
4409055.0,25.9375,22.75,tc1
4409105.0,25.9375,22.75,tc1
4409157.0,25.125,22.75,tc1
4409205.0,23.625,22.75,tc1
4409255.0,23.625,22.75,tc1
4409305.0,24.375,22.75,tc1
4409355.0,24.375,22.75,tc1
4409405.0,22.8125,22.75,tc1
4409455.0,22.8125,22.75,tc1
4409505.0,22.8125,22.75,tc1
4409556.0,23.625,22.8125,tc1
4409605.0,23.625,22.8125,tc1
4409655.0,22.8125,22.8125,tc1
4409705.0,22.875,22.8125,tc1
4409755.0,22.875,22.8125,tc1
4409805.0,24.4375,22.8125,tc1
4409855.0,24.4375,22.8125,tc1
4409905.0,24.4375,22.8125,tc1
4409955.0,23.6875,22.8125,tc1
4410006.0,24.4375,22.8125,tc1
4410056.0,24.4375,22.75,tc1
4410106.0,24.4375,22.75,tc1
4410156.0,23.625,22.75,tc1
4410206.0,23.625,22.75,tc1
4410256.0,23.625,22.75,tc1
4410306.0,24.375,22.75,tc1
4410356.0,24.375,22.75,tc1
4410406.0,23.625,22.75,tc1
4410456.0,22.8125,22.75,tc1
4410506.0,24.375,22.75,tc1
4410556.0,24.375,22.75,tc1
4410606.0,24.375,22.75,tc1
4410656.0,23.625,22.75,tc1
4410706.0,22.8125,22.75,tc1
4410756.0,24.375,22.75,tc1
4410806.0,24.375,22.75,tc1
4410856.0,23.625,22.75,tc1
4410906.0,23.625,22.75,tc1
4410956.0,22.8125,22.75,tc1
4411006.0,24.375,22.75,tc1
4411056.0,25.125,22.8125,tc1
4411106.0,24.375,22.8125,tc1
4411156.0,23.625,22.8125,tc1
4411206.0,23.625,22.8125,tc1
4411256.0,25.125,22.8125,tc1
4411306.0,25.125,22.8125,tc1
4411356.0,24.375,22.8125,tc1
4411406.0,24.375,22.8125,tc1
4411456.0,32.9375,22.8125,tc1
4411506.0,48.9375,22.8125,tc1
4411556.0,66.3125,22.8125,tc1
4411606.0,82.9375,22.8125,tc1
4411656.0,117.8125,22.8125,tc1
4411707.0,129.3125,22.8125,tc1
4411757.0,148.625,22.8125,tc1
4411807.0,166.5625,22.8125,tc1
4411857.0,182.25,22.8125,tc1
4411907.0,198.75,22.8125,tc1
4411957.0,215.1875,22.8125,tc1
4412007.0,231.5,22.8125,tc1
4412057.0,246.9375,22.8125,tc1
4412107.0,260.0625,22.8125,tc1
4412159.0,287.5,22.8125,tc1
4412207.0,295.8125,22.8125,tc1
4412257.0,310.1875,22.8125,tc1
4412308.0,323.0,22.8125,tc1
4412357.0,336.5,22.8125,tc1
4412407.0,350.6875,22.8125,tc1
4412457.0,365.625,22.8125,tc1
4412507.0,379.0,22.8125,tc1
4412557.0,389.4375,22.8125,tc1
4412607.0,385.75,22.8125,tc1
4412657.0,376.8125,22.8125,tc1
4412707.0,357.375,22.8125,tc1
4412757.0,346.125,22.8125,tc1
4412807.0,339.4375,22.8125,tc1
4412857.0,329.6875,22.8125,tc1
4412907.0,320.625,22.8125,tc1
4412957.0,313.9375,22.8125,tc1
4413007.0,303.375,22.8125,tc1
4413057.0,295.8125,22.8125,tc1
4413107.0,288.25,22.8125,tc1
4413157.0,282.1875,22.8125,tc1
4413207.0,276.8125,22.8125,tc1
4413257.0,264.625,22.8125,tc1
4413307.0,260.8125,22.8125,tc1
4413358.0,254.6875,22.8125,tc1
4413407.0,251.5625,22.8125,tc1
4413457.0,246.9375,22.8125,tc1
4413507.0,241.5625,22.8125,tc1
4413557.0,236.9375,22.8125,tc1
4413607.0,231.5,22.8125,tc1
4413657.0,229.1875,22.8125,tc1
4413707.0,226.0625,22.8125,tc1
4413757.0,221.4375,22.8125,tc1
4413807.0,212.8125,22.8125,tc1
4413857.0,211.25,22.8125,tc1
4413907.0,209.6875,22.8125,tc1
4413958.0,206.5625,22.8125,tc1
4414008.0,202.625,22.8125,tc1
4414058.0,199.5625,22.75,tc1
4414108.0,196.4375,22.75,tc1
4414158.0,195.625,22.75,tc1
4414208.0,193.25,22.75,tc1
4414258.0,190.0625,22.75,tc1
4414308.0,182.9375,22.75,tc1
4414358.0,182.9375,22.75,tc1
4414408.0,181.375,22.75,tc1
4414458.0,179.0,22.75,tc1
4414508.0,175.875,22.75,tc1
4414558.0,171.1875,22.75,tc1
4414608.0,169.625,22.75,tc1
4414658.0,168.0625,22.75,tc1
4414708.0,165.6875,22.75,tc1
4414758.0,163.375,22.75,tc1
4414808.0,161.0,22.75,tc1
4414858.0,160.25,22.75,tc1
4414908.0,158.6875,22.75,tc1
4414958.0,157.875,22.75,tc1
4415008.0,156.3125,22.75,tc1
4415058.0,154.8125,22.75,tc1
4415108.0,153.25,22.75,tc1
4415158.0,152.4375,22.75,tc1
4415208.0,150.875,22.75,tc1
4415258.0,148.5625,22.75,tc1
4415308.0,143.125,22.75,tc1
4415358.0,141.5625,22.75,tc1
4415408.0,140.0625,22.75,tc1
4415458.0,138.5,22.75,tc1
4415508.0,137.75,22.75,tc1
4415558.0,136.1875,22.8125,tc1
4415608.0,135.4375,22.8125,tc1
4415658.0,133.875,22.8125,tc1
4415708.0,132.3125,22.8125,tc1
4415758.0,130.8125,22.8125,tc1
4415808.0,127.6875,22.8125,tc1
4415858.0,126.1875,22.8125,tc1
4415908.0,125.4375,22.8125,tc1
4415958.0,124.6875,22.8125,tc1
4416009.0,123.1875,22.8125,tc1
4416059.0,122.4375,22.8125,tc1
4416109.0,120.875,22.8125,tc1
4416159.0,120.125,22.8125,tc1
4416210.0,118.5625,22.8125,tc1
4416259.0,117.0625,22.8125,tc1
4416309.0,115.5,22.8125,tc1
4416359.0,115.5,22.8125,tc1
4416409.0,114.75,22.8125,tc1
4416459.0,114.0,22.8125,tc1
4416509.0,113.25,22.8125,tc1
4416559.0,112.5,22.8125,tc1
4416609.0,111.6875,22.8125,tc1
4416659.0,110.875,22.8125,tc1
4416709.0,110.125,22.8125,tc1
4416759.0,109.375,22.8125,tc1
4416809.0,108.625,22.8125,tc1
4416859.0,107.875,22.8125,tc1
4416909.0,107.0625,22.8125,tc1
4416959.0,105.5625,22.8125,tc1
4417009.0,104.8125,22.8125,tc1
4417059.0,104.125,22.8125,tc1
4417109.0,103.375,22.8125,tc1
4417159.0,102.5625,22.8125,tc1
4417209.0,101.8125,22.8125,tc1
4417259.0,100.3125,22.8125,tc1
4417309.0,100.3125,22.8125,tc1
4417359.0,98.8125,22.8125,tc1
4417409.0,98.8125,22.8125,tc1
4417459.0,97.25,22.8125,tc1
4417509.0,97.25,22.8125,tc1
4417559.0,96.5,22.75,tc1
4417609.0,95.75,22.75,tc1
4417659.0,95.0,22.75,tc1
4417709.0,94.25,22.75,tc1
4417759.0,94.25,22.75,tc1
4417809.0,93.5,22.75,tc1
4417859.0,93.5,22.75,tc1
4417909.0,92.6875,22.75,tc1
4417959.0,91.9375,22.75,tc1
4418010.0,91.9375,22.75,tc1
4418060.0,91.1875,22.75,tc1
4418110.0,91.25,22.75,tc1
4418160.0,89.6875,22.75,tc1
4418210.0,89.6875,22.75,tc1
4418260.0,89.6875,22.75,tc1
4418310.0,88.875,22.75,tc1
4418361.0,88.875,22.75,tc1
4418410.0,88.125,22.75,tc1
4418460.0,87.375,22.75,tc1
4418510.0,87.375,22.75,tc1
4418560.0,87.375,22.75,tc1
4418610.0,86.625,22.75,tc1
4418662.0,86.625,22.75,tc1
4418710.0,86.625,22.75,tc1
4418760.0,85.875,22.75,tc1
4418810.0,85.875,22.75,tc1
4418860.0,85.125,22.75,tc1
4418910.0,84.375,22.75,tc1
4418960.0,84.375,22.75,tc1
4419010.0,83.625,22.75,tc1
4419060.0,82.875,22.8125,tc1
4419110.0,82.875,22.8125,tc1
4419160.0,82.1875,22.8125,tc1
4419210.0,82.1875,22.8125,tc1
4419260.0,81.4375,22.8125,tc1
4419310.0,80.625,22.8125,tc1
4419360.0,80.625,22.8125,tc1
4419410.0,79.875,22.8125,tc1
4419460.0,79.125,22.8125,tc1
4419510.0,78.375,22.8125,tc1
4419560.0,78.375,22.75,tc1
4419610.0,77.625,22.75,tc1
4419660.0,77.625,22.75,tc1
4419710.0,76.875,22.75,tc1
4419760.0,76.125,22.75,tc1
4419811.0,76.125,22.75,tc1
4419861.0,75.375,22.75,tc1
4419911.0,74.625,22.75,tc1
4419960.0,74.625,22.75,tc1
4420011.0,73.875,22.75,tc1
4420061.0,73.8125,22.75,tc1
4420111.0,73.0625,22.75,tc1
4420161.0,73.0625,22.75,tc1
4420211.0,72.3125,22.75,tc1
4420261.0,72.375,22.75,tc1
4420311.0,71.625,22.75,tc1
4420361.0,70.8125,22.75,tc1
4420411.0,70.0625,22.75,tc1
4420461.0,70.0,22.75,tc1
4420512.0,69.25,22.75,tc1
4420561.0,68.5,22.8125,tc1
4420611.0,68.5,22.8125,tc1
4420661.0,67.75,22.8125,tc1
4420711.0,67.75,22.8125,tc1
4420761.0,67.0,22.8125,tc1
4420811.0,67.0,22.8125,tc1
4420861.0,66.3125,22.8125,tc1
4420911.0,66.3125,22.8125,tc1
4420961.0,65.5625,22.8125,tc1
4421011.0,65.5625,22.8125,tc1
4421061.0,64.8125,22.75,tc1
4421111.0,64.8125,22.75,tc1
4421161.0,64.8125,22.75,tc1
4421211.0,64.0625,22.75,tc1
4421261.0,64.0625,22.75,tc1
4421311.0,63.25,22.75,tc1
4421361.0,63.25,22.75,tc1
4421411.0,63.25,22.75,tc1
4421461.0,62.5,22.75,tc1
4421511.0,62.5,22.75,tc1
4421561.0,61.75,22.75,tc1
4421611.0,61.75,22.75,tc1
4421661.0,61.75,22.75,tc1
4421711.0,61.75,22.75,tc1
4421761.0,61.0,22.75,tc1
4421811.0,61.0,22.75,tc1
4421861.0,61.0,22.75,tc1
4421911.0,61.0,22.75,tc1
4421961.0,61.0,22.75,tc1
4422012.0,60.1875,22.75,tc1
4422062.0,60.1875,22.75,tc1
4422112.0,60.1875,22.75,tc1
4422162.0,59.4375,22.75,tc1
4422212.0,59.4375,22.75,tc1
4422262.0,59.4375,22.75,tc1
4422312.0,59.4375,22.75,tc1
4422362.0,58.6875,22.75,tc1
4422412.0,58.6875,22.75,tc1
4422462.0,58.6875,22.75,tc1
4422512.0,57.9375,22.75,tc1
4422563.0,57.9375,22.75,tc1
4422613.0,57.9375,22.75,tc1
4422663.0,57.9375,22.75,tc1
4422713.0,57.9375,22.75,tc1
4422763.0,57.1875,22.75,tc1
4422813.0,57.1875,22.75,tc1
4422863.0,57.1875,22.75,tc1
4422913.0,57.1875,22.75,tc1
4422963.0,56.4375,22.75,tc1
4423013.0,56.4375,22.75,tc1
4423063.0,56.5,22.75,tc1
4423113.0,55.75,22.75,tc1
4423163.0,55.75,22.75,tc1
4423213.0,55.75,22.75,tc1
4423263.0,55.0,22.75,tc1
4423313.0,55.0,22.75,tc1
4423363.0,55.0,22.75,tc1
4423413.0,55.0,22.75,tc1
4423463.0,54.1875,22.75,tc1
4423513.0,54.1875,22.75,tc1
4423563.0,54.1875,22.75,tc1
4423613.0,54.1875,22.75,tc1
4423663.0,53.4375,22.75,tc1
4423713.0,53.4375,22.75,tc1
4423763.0,53.4375,22.75,tc1
4423813.0,53.4375,22.75,tc1
4423863.0,53.4375,22.75,tc1
4423913.0,52.625,22.75,tc1
4423963.0,52.625,22.75,tc1
4424013.0,52.625,22.75,tc1
4424063.0,52.625,22.75,tc1
4424113.0,52.625,22.75,tc1
4424163.0,52.625,22.75,tc1
4424213.0,51.875,22.75,tc1
4424263.0,51.875,22.75,tc1
4424314.0,51.875,22.75,tc1
4424363.0,51.125,22.75,tc1
4424413.0,51.125,22.75,tc1
4424463.0,51.125,22.75,tc1
4424513.0,51.125,22.75,tc1
4424563.0,51.125,22.75,tc1
4424613.0,50.375,22.75,tc1
4424663.0,50.375,22.75,tc1
4424713.0,50.375,22.75,tc1
4424763.0,50.375,22.75,tc1
4424814.0,50.375,22.75,tc1
4424863.0,49.625,22.75,tc1
4424914.0,49.625,22.75,tc1
4424963.0,49.625,22.75,tc1
4425013.0,49.625,22.75,tc1
4425063.0,48.875,22.75,tc1
4425113.0,48.875,22.75,tc1
4425163.0,48.875,22.75,tc1
4425213.0,48.875,22.75,tc1
4425263.0,48.875,22.75,tc1
4425313.0,48.875,22.75,tc1
4425363.0,48.875,22.75,tc1
4425413.0,48.125,22.75,tc1
4425463.0,48.125,22.75,tc1
4425513.0,48.125,22.75,tc1
4425563.0,48.125,22.75,tc1
4425613.0,47.3125,22.75,tc1
4425663.0,47.3125,22.75,tc1
4425713.0,47.3125,22.75,tc1
4425763.0,47.3125,22.75,tc1
4425813.0,47.3125,22.75,tc1
4425863.0,46.5625,22.75,tc1
4425913.0,47.3125,22.75,tc1
4425963.0,47.3125,22.75,tc1
4426014.0,46.5625,22.75,tc1
4426064.0,46.5625,22.8125,tc1
4426114.0,46.5625,22.8125,tc1
4426166.0,46.5625,22.8125,tc1
4426214.0,46.5625,22.8125,tc1
4426264.0,46.5625,22.8125,tc1
4426314.0,45.8125,22.8125,tc1
4426364.0,45.8125,22.8125,tc1
4426414.0,45.8125,22.8125,tc1
4426464.0,45.8125,22.8125,tc1
4426514.0,45.875,22.8125,tc1
4426564.0,45.125,22.75,tc1
4426614.0,45.125,22.75,tc1
4426666.0,45.125,22.75,tc1
4426714.0,45.0625,22.75,tc1
4426764.0,45.0625,22.75,tc1
4426814.0,44.3125,22.75,tc1
4426864.0,44.3125,22.75,tc1
4426914.0,44.3125,22.75,tc1
4426964.0,44.3125,22.75,tc1
4427014.0,44.3125,22.75,tc1
4427065.0,44.3125,22.75,tc1
4427114.0,43.5625,22.75,tc1
4427164.0,44.375,22.75,tc1
4427214.0,43.625,22.75,tc1
4427264.0,43.625,22.75,tc1
4427314.0,43.625,22.75,tc1
4427364.0,43.5625,22.75,tc1
4427414.0,43.5625,22.75,tc1
4427464.0,42.75,22.75,tc1
4427514.0,42.75,22.75,tc1
4427564.0,42.75,22.75,tc1
4427614.0,42.8125,22.75,tc1
4427664.0,42.8125,22.75,tc1
4427714.0,42.8125,22.75,tc1
4427764.0,42.8125,22.75,tc1
4427814.0,42.0,22.75,tc1
4427864.0,42.75,22.75,tc1
4427914.0,42.0,22.75,tc1
4427964.0,42.0,22.75,tc1
4428015.0,42.0,22.75,tc1
4428065.0,42.0,22.75,tc1
4428115.0,42.0,22.75,tc1
4428165.0,42.0,22.75,tc1
4428215.0,42.0625,22.75,tc1
4428265.0,41.3125,22.75,tc1
4428315.0,41.3125,22.75,tc1
4428365.0,41.3125,22.75,tc1
4428415.0,41.3125,22.75,tc1
4428465.0,41.25,22.75,tc1
4428515.0,41.25,22.75,tc1
4428565.0,41.25,22.75,tc1
4428615.0,41.25,22.75,tc1
4428665.0,41.25,22.75,tc1
4428715.0,41.25,22.75,tc1
4428765.0,40.5,22.75,tc1
4428815.0,40.5,22.75,tc1
4428865.0,40.5,22.75,tc1
4428915.0,40.5,22.75,tc1
4428965.0,40.5,22.75,tc1
4429015.0,40.5,22.75,tc1
4429065.0,40.5,22.75,tc1
4429115.0,40.5,22.75,tc1
4429165.0,40.5,22.75,tc1
4429215.0,40.5,22.75,tc1
4429265.0,39.75,22.75,tc1
4429315.0,39.8125,22.75,tc1
4429365.0,39.8125,22.75,tc1
4429415.0,39.8125,22.75,tc1
4429465.0,39.0,22.75,tc1
4429515.0,38.9375,22.75,tc1
4429565.0,38.9375,22.75,tc1
4429615.0,38.9375,22.75,tc1
4429665.0,38.9375,22.75,tc1
4429715.0,38.9375,22.75,tc1
4429765.0,38.25,22.75,tc1
4429815.0,38.25,22.75,tc1
4429865.0,38.25,22.75,tc1
4429915.0,38.25,22.75,tc1
4429965.0,38.1875,22.75,tc1
4430016.0,38.1875,22.75,tc1
4430066.0,38.1875,22.75,tc1
4430116.0,38.1875,22.75,tc1
4430166.0,38.1875,22.75,tc1
4430216.0,38.1875,22.75,tc1
4430266.0,38.1875,22.75,tc1
4430316.0,38.1875,22.75,tc1
4430366.0,38.1875,22.75,tc1
4430416.0,38.1875,22.75,tc1
4430466.0,38.1875,22.75,tc1
4430516.0,38.1875,22.75,tc1
4430566.0,38.1875,22.8125,tc1
4430616.0,38.1875,22.8125,tc1
4430666.0,38.1875,22.8125,tc1
4430716.0,38.1875,22.8125,tc1
4430766.0,38.1875,22.8125,tc1
4430816.0,38.1875,22.8125,tc1
4430866.0,38.1875,22.8125,tc1
4430916.0,38.1875,22.8125,tc1
4430966.0,37.4375,22.8125,tc1
4431016.0,37.5,22.8125,tc1
4431066.0,37.5,22.75,tc1
4431116.0,37.5,22.75,tc1
4431166.0,37.5,22.75,tc1
4431216.0,37.5,22.75,tc1
4431266.0,37.5,22.75,tc1
4431316.0,37.5,22.75,tc1
4431367.0,37.5,22.75,tc1
4431416.0,36.75,22.75,tc1
4431466.0,36.6875,22.75,tc1
4431516.0,36.6875,22.75,tc1
4431566.0,36.6875,22.75,tc1
4431616.0,36.6875,22.75,tc1
4431666.0,36.6875,22.75,tc1
4431716.0,36.6875,22.75,tc1
4431766.0,36.6875,22.75,tc1
4431816.0,36.6875,22.75,tc1
4431867.0,36.6875,22.75,tc1
4431916.0,35.9375,22.75,tc1
4431966.0,35.9375,22.75,tc1
4432017.0,35.9375,22.75,tc1
4432067.0,35.9375,22.75,tc1
4432117.0,35.9375,22.75,tc1
4432167.0,35.9375,22.75,tc1
4432217.0,35.9375,22.75,tc1
4432267.0,35.9375,22.75,tc1
4432317.0,35.125,22.75,tc1
4432367.0,35.125,22.75,tc1
4432417.0,35.125,22.75,tc1
4432467.0,35.125,22.75,tc1
4432517.0,35.125,22.75,tc1
4432567.0,35.125,22.8125,tc1
4432617.0,35.125,22.8125,tc1
4432667.0,35.125,22.8125,tc1
4432717.0,35.125,22.8125,tc1
4432767.0,35.125,22.8125,tc1
4432817.0,35.125,22.8125,tc1
4432867.0,35.125,22.8125,tc1
4432917.0,35.125,22.8125,tc1
4432967.0,35.1875,22.8125,tc1
4433017.0,35.1875,22.8125,tc1
4433067.0,35.1875,22.75,tc1
4433117.0,35.1875,22.75,tc1
4433167.0,35.125,22.75,tc1
4433217.0,35.125,22.75,tc1
4433267.0,35.125,22.75,tc1
4433317.0,35.125,22.75,tc1
4433367.0,35.125,22.75,tc1
4433417.0,35.125,22.75,tc1
4433467.0,35.125,22.75,tc1
4433518.0,35.125,22.75,tc1
4433567.0,35.125,22.75,tc1
4433618.0,35.125,22.75,tc1
4433668.0,35.125,22.75,tc1
4433717.0,35.125,22.75,tc1
4433767.0,35.125,22.75,tc1
4433817.0,34.4375,22.75,tc1
4433867.0,34.4375,22.75,tc1
4433917.0,34.4375,22.75,tc1
4433967.0,34.4375,22.75,tc1
4434018.0,34.375,22.75,tc1
4434068.0,34.375,22.75,tc1
4434118.0,34.375,22.75,tc1
4434168.0,34.375,22.75,tc1
4434218.0,34.375,22.75,tc1
4434268.0,34.4375,22.75,tc1
4434318.0,33.6875,22.75,tc1
4434368.0,33.6875,22.75,tc1
4434418.0,33.6875,22.75,tc1
4434468.0,33.625,22.75,tc1
4434518.0,33.625,22.75,tc1
4434568.0,33.625,22.8125,tc1
4434618.0,33.625,22.8125,tc1
4434668.0,33.625,22.8125,tc1
4434718.0,33.625,22.8125,tc1
4434768.0,33.625,22.8125,tc1
4434818.0,33.625,22.8125,tc1
4434868.0,33.625,22.8125,tc1
4434918.0,33.6875,22.8125,tc1
4434968.0,33.6875,22.8125,tc1
4435018.0,33.6875,22.8125,tc1
4435068.0,32.9375,22.75,tc1
4435118.0,33.625,22.75,tc1
4435168.0,33.625,22.75,tc1
4435218.0,33.625,22.75,tc1
4435268.0,32.875,22.75,tc1
4435318.0,32.9375,22.75,tc1
4435368.0,33.6875,22.75,tc1
4435418.0,33.6875,22.75,tc1
4435468.0,33.6875,22.75,tc1
4435518.0,32.9375,22.75,tc1
4435569.0,32.875,22.75,tc1
4435618.0,33.625,22.75,tc1
4435669.0,32.875,22.75,tc1
4435718.0,33.625,22.75,tc1
4435768.0,32.875,22.75,tc1
4435818.0,32.875,22.75,tc1
4435868.0,32.875,22.75,tc1
4435918.0,32.875,22.75,tc1
4435968.0,32.875,22.75,tc1
4436019.0,32.875,22.75,tc1
4436069.0,32.875,22.8125,tc1
4436119.0,32.875,22.8125,tc1
4436169.0,32.9375,22.8125,tc1
4436219.0,32.9375,22.8125,tc1
4436269.0,32.9375,22.8125,tc1
4436319.0,32.9375,22.8125,tc1
4436369.0,32.9375,22.8125,tc1
4436419.0,32.9375,22.8125,tc1
4436469.0,32.125,22.8125,tc1
4436519.0,32.125,22.8125,tc1
4436569.0,32.9375,22.8125,tc1
4436619.0,32.0625,22.8125,tc1
4436669.0,32.0625,22.8125,tc1
4436719.0,32.0625,22.8125,tc1
4436769.0,32.0625,22.8125,tc1
4436819.0,32.0625,22.8125,tc1
4436869.0,32.0625,22.8125,tc1
4436919.0,32.0625,22.8125,tc1
4436969.0,32.0625,22.8125,tc1
4437019.0,32.0625,22.8125,tc1
4437069.0,32.125,22.75,tc1
4437119.0,32.125,22.75,tc1
4437169.0,32.125,22.75,tc1
4437219.0,31.375,22.75,tc1
4437269.0,32.0625,22.75,tc1
4437319.0,32.0625,22.75,tc1
4437369.0,32.0625,22.75,tc1
4437419.0,32.0625,22.75,tc1
4437469.0,31.3125,22.75,tc1
4437519.0,31.3125,22.75,tc1
4437569.0,31.3125,22.75,tc1
4437619.0,32.0625,22.75,tc1
4437669.0,31.3125,22.75,tc1
4437719.0,31.3125,22.75,tc1
4437769.0,31.3125,22.75,tc1
4437819.0,31.3125,22.75,tc1
4437869.0,31.3125,22.75,tc1
4437920.0,31.3125,22.75,tc1
4437969.0,31.3125,22.75,tc1
4438020.0,31.3125,22.75,tc1
4438070.0,31.3125,22.75,tc1
4438120.0,31.3125,22.75,tc1
4438170.0,31.3125,22.75,tc1
4438220.0,31.3125,22.75,tc1
4438270.0,31.3125,22.75,tc1
4438320.0,31.3125,22.75,tc1
4438370.0,31.375,22.75,tc1
4438420.0,31.375,22.75,tc1
4438470.0,31.375,22.75,tc1
4438520.0,31.375,22.75,tc1
